--
-- PostgreSQL database dump
--

CREATE DATABASE testdb
	WITH
	OWNER = postgres
	ENCODING = 'UTF8'
	CONNECTION LIMIT = -1;

---
--- drop tables
---

DROP TABLE IF EXISTS Purchases;
DROP TABLE IF EXISTS Users;
DROP TABLE IF EXISTS Items;

---
--- create tables
---

CREATE TABLE Users
(
	userId int PRIMARY KEY,
	age int NOT NULL
);

CREATE TABLE Purchases
(
	purchaseId int PRIMARY KEY,
	userId int REFERENCES Users(userId) NOT NULL,
	itemId int REFERENCES Purchases(purchaseId) NOT NULL,
	date date NOT NULL
);

CREATE TABLE Items
(
	itemId int PRIMARY KEY,
	price decimal NOT NULL
);

---
--- create data
---

INSERT INTO Items VALUES
(1, 83060),
(2, 17491),
(3, 96068),
(4, 134298),
(5, 149251),
(6, 81942),
(7, 109258),
(8, 2628),
(9, 8379),
(10, 84906),
(11, 142248),
(12, 135498),
(13, 49487),
(14, 33446),
(15, 51840),
(16, 26864),
(17, 141822),
(18, 22098),
(19, 8538),
(20, 48332),
(21, 113483),
(22, 147809),
(23, 49612),
(24, 87970),
(25, 4630),
(26, 101263),
(27, 103523),
(28, 46342),
(29, 76627),
(30, 74822),
(31, 56224),
(32, 127638),
(33, 27358),
(34, 39062),
(35, 64558),
(36, 40844),
(37, 88955),
(38, 28161),
(39, 108625),
(40, 49035),
(41, 136644),
(42, 54153),
(43, 31073),
(44, 83418),
(45, 63994),
(46, 91527),
(47, 91232),
(48, 40056),
(49, 67651),
(50, 86549),
(51, 128857),
(52, 36689),
(53, 15348),
(54, 17673),
(55, 49974),
(56, 64962),
(57, 38966),
(58, 33267),
(59, 17871),
(60, 57423),
(61, 110618),
(62, 55749),
(63, 121407),
(64, 60432),
(65, 86214),
(66, 120668),
(67, 108653),
(68, 7331),
(69, 130136),
(70, 54172),
(71, 102902),
(72, 143463),
(73, 39268),
(74, 59442),
(75, 71097),
(76, 116059),
(77, 105504),
(78, 85689),
(79, 54218),
(80, 118376),
(81, 44268),
(82, 13034),
(83, 131016),
(84, 127805),
(85, 95021),
(86, 114393),
(87, 110486),
(88, 33574),
(89, 63537),
(90, 99538),
(91, 75890),
(92, 9186),
(93, 58005),
(94, 91383),
(95, 80751),
(96, 113726),
(97, 126198),
(98, 48302),
(99, 117907),
(100, 30336),
(101, 113865),
(102, 145667),
(103, 73257),
(104, 126000),
(105, 94839),
(106, 42960),
(107, 35746),
(108, 112300),
(109, 52342),
(110, 20838),
(111, 144016),
(112, 34888),
(113, 12093),
(114, 41470),
(115, 69853),
(116, 105506),
(117, 89849),
(118, 65058),
(119, 78567),
(120, 89614),
(121, 89220),
(122, 138126),
(123, 80651),
(124, 40085),
(125, 17096),
(126, 73921),
(127, 1957),
(128, 80007),
(129, 57035),
(130, 56957),
(131, 14441),
(132, 116472),
(133, 5276),
(134, 139528),
(135, 114211),
(136, 132675),
(137, 31867),
(138, 140578),
(139, 16166),
(140, 117796),
(141, 47137),
(142, 44277),
(143, 119432),
(144, 22211),
(145, 69232),
(146, 110537),
(147, 53371),
(148, 4011),
(149, 57496),
(150, 117628),
(151, 10537),
(152, 87612),
(153, 37497),
(154, 94072),
(155, 141053),
(156, 48955),
(157, 104718),
(158, 30543),
(159, 47051),
(160, 97010),
(161, 89355),
(162, 107684),
(163, 95939),
(164, 45740),
(165, 149859),
(166, 94675),
(167, 98770),
(168, 61761),
(169, 117458),
(170, 97659),
(171, 34001),
(172, 19949),
(173, 4421),
(174, 40734),
(175, 96999),
(176, 34172),
(177, 115129),
(178, 31486),
(179, 96966),
(180, 82608),
(181, 44241),
(182, 103120),
(183, 83323),
(184, 118758),
(185, 108563),
(186, 109607),
(187, 143268),
(188, 54885),
(189, 144035),
(190, 31677),
(191, 45090),
(192, 105157),
(193, 94440),
(194, 82856),
(195, 53992),
(196, 19874),
(197, 19761),
(198, 133538),
(199, 10565),
(200, 25630),
(201, 75150),
(202, 102419),
(203, 43853),
(204, 121377),
(205, 78322),
(206, 20101),
(207, 95159),
(208, 4373),
(209, 144401),
(210, 123207),
(211, 129490),
(212, 54827),
(213, 29816),
(214, 57671),
(215, 86609),
(216, 117299),
(217, 95593),
(218, 22958),
(219, 80535),
(220, 123760),
(221, 44421),
(222, 29781),
(223, 104876),
(224, 88624),
(225, 113573),
(226, 82560),
(227, 102592),
(228, 64527),
(229, 101980),
(230, 41292),
(231, 93113),
(232, 27106),
(233, 148519),
(234, 21627),
(235, 53087),
(236, 113497),
(237, 53979),
(238, 73239),
(239, 117523),
(240, 55536),
(241, 44365),
(242, 71977),
(243, 3232),
(244, 60293),
(245, 9095),
(246, 1233),
(247, 95501),
(248, 18564),
(249, 138191),
(250, 95893),
(251, 45136),
(252, 87917),
(253, 50174),
(254, 25587),
(255, 100643),
(256, 20698),
(257, 5383),
(258, 144475),
(259, 148947),
(260, 61360),
(261, 80739),
(262, 136572),
(263, 84414),
(264, 4413),
(265, 45964),
(266, 25642),
(267, 46560),
(268, 42629),
(269, 126767),
(270, 49484),
(271, 75346),
(272, 105521),
(273, 36282),
(274, 49254),
(275, 147336),
(276, 135820),
(277, 101353),
(278, 84111),
(279, 13549),
(280, 24670),
(281, 86954),
(282, 131403),
(283, 16049),
(284, 25448),
(285, 34006),
(286, 43680),
(287, 114643),
(288, 42320),
(289, 71853),
(290, 109269),
(291, 128268),
(292, 58509),
(293, 9695),
(294, 140661),
(295, 66318),
(296, 96187),
(297, 61856),
(298, 57407),
(299, 138126),
(300, 104554),
(301, 24559),
(302, 127032),
(303, 57020),
(304, 26192),
(305, 117552),
(306, 98572),
(307, 80698),
(308, 145304),
(309, 85881),
(310, 5644),
(311, 1410),
(312, 32202),
(313, 112076),
(314, 90209),
(315, 12367),
(316, 21831),
(317, 117844),
(318, 93554),
(319, 116093),
(320, 20519),
(321, 94528),
(322, 115187),
(323, 141254),
(324, 131070),
(325, 81643),
(326, 10053),
(327, 109770),
(328, 26344),
(329, 37086),
(330, 61273),
(331, 104650),
(332, 12858),
(333, 110645),
(334, 10986),
(335, 10378),
(336, 141094),
(337, 112618),
(338, 101330),
(339, 89602),
(340, 14848),
(341, 34719),
(342, 146954),
(343, 53547),
(344, 44350),
(345, 115959),
(346, 46948),
(347, 31673),
(348, 65891),
(349, 132374),
(350, 49558),
(351, 47140),
(352, 134318),
(353, 43490),
(354, 108037),
(355, 46128),
(356, 22625),
(357, 133952),
(358, 13840),
(359, 72287),
(360, 22812),
(361, 125693),
(362, 107066),
(363, 21969),
(364, 28353),
(365, 85252),
(366, 75725),
(367, 127201),
(368, 88124),
(369, 92238),
(370, 7279),
(371, 48318),
(372, 119760),
(373, 92012),
(374, 13273),
(375, 71555),
(376, 92340),
(377, 136375),
(378, 41882),
(379, 82994),
(380, 48122),
(381, 118079),
(382, 142695),
(383, 147970),
(384, 101179),
(385, 25388),
(386, 94583),
(387, 80066),
(388, 23308),
(389, 130326),
(390, 46719),
(391, 48390),
(392, 78520),
(393, 124514),
(394, 136310),
(395, 62803),
(396, 93739),
(397, 13964),
(398, 108543),
(399, 11581),
(400, 32731),
(401, 87050),
(402, 92499),
(403, 42032),
(404, 104667),
(405, 89968),
(406, 82377),
(407, 58583),
(408, 73874),
(409, 133243),
(410, 18940),
(411, 125910),
(412, 7728),
(413, 76504),
(414, 148661),
(415, 22937),
(416, 97510),
(417, 18350),
(418, 34814),
(419, 104403),
(420, 36585),
(421, 106689),
(422, 51409),
(423, 27286),
(424, 23971),
(425, 75969),
(426, 79713),
(427, 91592),
(428, 126198),
(429, 49873),
(430, 72588),
(431, 37426),
(432, 46487),
(433, 35901),
(434, 142428),
(435, 65794),
(436, 67364),
(437, 126814),
(438, 77274),
(439, 86113),
(440, 41465),
(441, 132554),
(442, 97621),
(443, 60680),
(444, 77887),
(445, 63523),
(446, 46481),
(447, 107374),
(448, 111760),
(449, 52079),
(450, 23956),
(451, 63165),
(452, 68974),
(453, 5777),
(454, 63285),
(455, 121112),
(456, 69950),
(457, 24824),
(458, 49623),
(459, 114292),
(460, 37876),
(461, 31788),
(462, 97360),
(463, 59534),
(464, 44000),
(465, 135387),
(466, 71273),
(467, 106336),
(468, 3602),
(469, 143461),
(470, 131511),
(471, 52545),
(472, 121824),
(473, 32348),
(474, 62993),
(475, 56551),
(476, 34840),
(477, 88567),
(478, 37151),
(479, 1023),
(480, 12017),
(481, 129990),
(482, 15661),
(483, 13739),
(484, 135129),
(485, 134176),
(486, 95923),
(487, 2025),
(488, 24005),
(489, 75204),
(490, 95251),
(491, 12879),
(492, 6743),
(493, 112342),
(494, 46538),
(495, 146471),
(496, 38807),
(497, 142744),
(498, 44306),
(499, 35298),
(500, 11914)
;

INSERT INTO Users VALUES
(1, 21),
(2, 73),
(3, 28),
(4, 25),
(5, 27),
(6, 50),
(7, 25),
(8, 33),
(9, 59),
(10, 58),
(11, 39),
(12, 61),
(13, 21),
(14, 32),
(15, 36),
(16, 39),
(17, 53),
(18, 19),
(19, 40),
(20, 57),
(21, 55),
(22, 27),
(23, 20),
(24, 22),
(25, 41),
(26, 69),
(27, 50),
(28, 66),
(29, 28),
(30, 55),
(31, 52),
(32, 57),
(33, 74),
(34, 44),
(35, 47),
(36, 23),
(37, 51),
(38, 65),
(39, 44),
(40, 72),
(41, 46),
(42, 61),
(43, 59),
(44, 56),
(45, 22),
(46, 48),
(47, 54),
(48, 41),
(49, 22),
(50, 73),
(51, 39),
(52, 79),
(53, 30),
(54, 42),
(55, 71),
(56, 34),
(57, 49),
(58, 21),
(59, 27),
(60, 80),
(61, 70),
(62, 39),
(63, 31),
(64, 51),
(65, 52),
(66, 41),
(67, 34),
(68, 45),
(69, 55),
(70, 74),
(71, 70),
(72, 22),
(73, 72),
(74, 57),
(75, 37),
(76, 64),
(77, 55),
(78, 52),
(79, 61),
(80, 33),
(81, 72),
(82, 79),
(83, 66),
(84, 49),
(85, 50),
(86, 72),
(87, 28),
(88, 62),
(89, 38),
(90, 26),
(91, 25),
(92, 69),
(93, 74),
(94, 19),
(95, 40),
(96, 38),
(97, 66),
(98, 61),
(99, 18),
(100, 59)
;

INSERT INTO Purchases VALUES
(1, 28, 160, '2020-06-30'),
(2, 92, 12, '2022-06-26'),
(3, 88, 18, '2022-01-24'),
(4, 53, 484, '2020-09-02'),
(5, 39, 106, '2022-08-01'),
(6, 3, 121, '2021-08-16'),
(7, 36, 141, '2021-12-27'),
(8, 69, 58, '2022-08-09'),
(9, 25, 271, '2020-07-19'),
(10, 34, 422, '2022-11-14'),
(11, 79, 47, '2022-06-13'),
(12, 17, 290, '2022-03-25'),
(13, 62, 437, '2020-08-07'),
(14, 6, 45, '2021-10-25'),
(15, 69, 477, '2021-07-08'),
(16, 14, 346, '2021-09-22'),
(17, 14, 475, '2022-09-07'),
(18, 55, 153, '2021-06-16'),
(19, 5, 85, '2021-07-27'),
(20, 65, 452, '2021-04-08'),
(21, 44, 142, '2020-09-02'),
(22, 56, 327, '2020-05-01'),
(23, 44, 292, '2020-10-26'),
(24, 70, 462, '2022-12-24'),
(25, 11, 389, '2020-12-11'),
(26, 57, 7, '2022-03-15'),
(27, 54, 243, '2020-11-07'),
(28, 33, 280, '2021-10-05'),
(29, 86, 147, '2022-08-13'),
(30, 89, 259, '2022-12-20'),
(31, 72, 498, '2022-06-21'),
(32, 79, 82, '2020-12-28'),
(33, 96, 39, '2022-12-01'),
(34, 18, 70, '2020-05-16'),
(35, 36, 394, '2022-03-02'),
(36, 2, 318, '2022-08-24'),
(37, 41, 68, '2022-04-08'),
(38, 18, 93, '2020-05-21'),
(39, 29, 284, '2022-09-19'),
(40, 38, 475, '2020-09-14'),
(41, 18, 56, '2022-06-28'),
(42, 57, 268, '2020-09-13'),
(43, 57, 324, '2021-09-17'),
(44, 78, 267, '2022-03-13'),
(45, 89, 172, '2021-01-10'),
(46, 38, 117, '2020-02-23'),
(47, 15, 195, '2020-09-15'),
(48, 25, 316, '2022-08-23'),
(49, 12, 106, '2020-09-18'),
(50, 90, 338, '2021-11-08'),
(51, 72, 100, '2020-04-16'),
(52, 2, 132, '2021-02-24'),
(53, 15, 173, '2021-11-10'),
(54, 74, 498, '2020-09-26'),
(55, 66, 467, '2020-05-25'),
(56, 19, 469, '2021-05-27'),
(57, 60, 18, '2022-04-03'),
(58, 63, 372, '2022-04-26'),
(59, 62, 118, '2022-06-26'),
(60, 67, 29, '2022-08-07'),
(61, 41, 458, '2021-06-12'),
(62, 23, 112, '2022-07-17'),
(63, 71, 248, '2020-09-10'),
(64, 20, 468, '2022-02-23'),
(65, 91, 399, '2021-07-26'),
(66, 63, 134, '2021-02-02'),
(67, 4, 55, '2021-02-28'),
(68, 20, 96, '2022-12-16'),
(69, 17, 425, '2022-05-27'),
(70, 98, 295, '2022-09-11'),
(71, 58, 157, '2022-10-07'),
(72, 27, 214, '2021-09-21'),
(73, 30, 304, '2021-12-02'),
(74, 61, 172, '2020-04-10'),
(75, 80, 437, '2020-06-02'),
(76, 63, 32, '2022-03-25'),
(77, 19, 250, '2020-02-16'),
(78, 40, 138, '2020-09-03'),
(79, 6, 363, '2021-04-06'),
(80, 28, 145, '2021-02-09'),
(81, 73, 499, '2020-06-26'),
(82, 36, 499, '2022-10-11'),
(83, 21, 148, '2021-09-15'),
(84, 1, 436, '2021-05-30'),
(85, 69, 341, '2021-09-25'),
(86, 43, 257, '2021-11-10'),
(87, 58, 6, '2021-07-16'),
(88, 47, 216, '2020-01-12'),
(89, 16, 108, '2020-09-14'),
(90, 68, 201, '2021-10-05'),
(91, 51, 137, '2022-03-15'),
(92, 22, 428, '2021-11-17'),
(93, 30, 296, '2022-04-22'),
(94, 78, 311, '2022-06-11'),
(95, 89, 391, '2020-04-15'),
(96, 43, 85, '2022-09-22'),
(97, 91, 190, '2022-03-15'),
(98, 2, 380, '2021-04-05'),
(99, 11, 159, '2021-10-18'),
(100, 11, 459, '2020-12-15'),
(101, 29, 397, '2021-10-02'),
(102, 100, 79, '2021-10-13'),
(103, 70, 92, '2021-08-10'),
(104, 15, 413, '2020-09-23'),
(105, 71, 346, '2020-03-02'),
(106, 34, 256, '2022-11-02'),
(107, 24, 308, '2022-12-19'),
(108, 96, 304, '2020-12-23'),
(109, 63, 493, '2021-03-01'),
(110, 50, 482, '2020-04-02'),
(111, 40, 285, '2021-02-07'),
(112, 43, 315, '2022-02-28'),
(113, 31, 465, '2021-03-28'),
(114, 7, 212, '2022-12-29'),
(115, 54, 130, '2020-01-19'),
(116, 42, 4, '2021-03-22'),
(117, 57, 308, '2022-05-13'),
(118, 71, 115, '2022-05-16'),
(119, 61, 300, '2022-11-11'),
(120, 98, 302, '2020-08-17'),
(121, 54, 33, '2021-06-14'),
(122, 28, 94, '2020-04-03'),
(123, 64, 185, '2021-07-31'),
(124, 49, 343, '2022-06-07'),
(125, 91, 308, '2020-07-12'),
(126, 11, 257, '2020-11-08'),
(127, 34, 75, '2021-07-07'),
(128, 89, 154, '2020-02-26'),
(129, 31, 60, '2020-01-27'),
(130, 96, 147, '2022-07-16'),
(131, 29, 228, '2020-10-17'),
(132, 1, 43, '2021-04-05'),
(133, 79, 193, '2022-09-19'),
(134, 90, 448, '2022-03-07'),
(135, 73, 11, '2022-01-22'),
(136, 76, 463, '2022-01-08'),
(137, 83, 180, '2020-10-20'),
(138, 64, 38, '2022-08-08'),
(139, 82, 57, '2022-12-08'),
(140, 23, 258, '2021-05-31'),
(141, 34, 138, '2020-09-25'),
(142, 21, 166, '2020-08-13'),
(143, 21, 213, '2021-05-30'),
(144, 82, 127, '2021-07-06'),
(145, 90, 59, '2022-08-06'),
(146, 97, 200, '2020-07-02'),
(147, 76, 302, '2022-07-20'),
(148, 82, 13, '2022-02-03'),
(149, 56, 384, '2020-10-07'),
(150, 84, 269, '2022-01-06'),
(151, 55, 116, '2021-07-10'),
(152, 84, 347, '2021-09-09'),
(153, 1, 311, '2020-09-27'),
(154, 41, 10, '2022-03-10'),
(155, 40, 54, '2020-01-27'),
(156, 80, 347, '2022-10-12'),
(157, 68, 192, '2022-07-11'),
(158, 60, 111, '2022-04-02'),
(159, 98, 174, '2022-02-03'),
(160, 88, 257, '2020-03-22'),
(161, 19, 129, '2021-08-04'),
(162, 39, 416, '2020-11-17'),
(163, 35, 342, '2022-09-19'),
(164, 62, 381, '2021-02-15'),
(165, 18, 206, '2020-06-11'),
(166, 1, 206, '2021-07-17'),
(167, 26, 160, '2020-12-28'),
(168, 84, 32, '2021-01-04'),
(169, 6, 233, '2022-08-20'),
(170, 77, 440, '2020-05-21'),
(171, 10, 165, '2021-04-06'),
(172, 94, 432, '2021-01-25'),
(173, 67, 421, '2021-09-05'),
(174, 30, 379, '2022-03-20'),
(175, 62, 145, '2020-05-28'),
(176, 9, 468, '2021-11-18'),
(177, 85, 109, '2020-08-26'),
(178, 50, 85, '2020-04-09'),
(179, 66, 60, '2022-03-07'),
(180, 1, 47, '2020-01-27'),
(181, 72, 3, '2021-05-20'),
(182, 38, 291, '2021-01-24'),
(183, 84, 41, '2020-09-08'),
(184, 74, 191, '2021-01-03'),
(185, 57, 246, '2021-08-10'),
(186, 62, 489, '2022-08-24'),
(187, 39, 82, '2020-06-08'),
(188, 58, 462, '2021-04-15'),
(189, 36, 372, '2022-06-27'),
(190, 63, 350, '2021-04-18'),
(191, 27, 102, '2022-10-08'),
(192, 25, 492, '2022-09-20'),
(193, 46, 43, '2020-08-20'),
(194, 43, 98, '2021-01-01'),
(195, 18, 499, '2021-08-27'),
(196, 25, 174, '2020-03-15'),
(197, 34, 466, '2021-03-13'),
(198, 62, 149, '2021-05-23'),
(199, 91, 134, '2022-01-31'),
(200, 73, 410, '2022-07-26'),
(201, 66, 223, '2021-10-04'),
(202, 17, 134, '2022-12-05'),
(203, 17, 440, '2021-04-09'),
(204, 80, 219, '2021-09-03'),
(205, 75, 59, '2020-12-28'),
(206, 80, 289, '2022-12-06'),
(207, 21, 165, '2021-09-12'),
(208, 77, 29, '2021-12-25'),
(209, 59, 497, '2021-08-23'),
(210, 59, 309, '2020-05-16'),
(211, 1, 137, '2022-08-01'),
(212, 13, 447, '2021-11-12'),
(213, 93, 84, '2020-02-11'),
(214, 53, 293, '2020-09-02'),
(215, 76, 404, '2020-03-07'),
(216, 100, 17, '2021-06-28'),
(217, 46, 411, '2021-06-06'),
(218, 100, 10, '2021-04-27'),
(219, 20, 37, '2020-01-27'),
(220, 89, 299, '2020-07-30'),
(221, 70, 453, '2022-11-01'),
(222, 92, 283, '2021-03-21'),
(223, 35, 72, '2021-01-10'),
(224, 67, 385, '2020-03-21'),
(225, 73, 193, '2020-04-03'),
(226, 11, 300, '2021-12-19'),
(227, 5, 288, '2021-06-10'),
(228, 78, 171, '2022-03-25'),
(229, 49, 343, '2021-07-30'),
(230, 50, 272, '2021-10-04'),
(231, 71, 418, '2020-12-09'),
(232, 62, 482, '2022-11-27'),
(233, 21, 382, '2022-12-06'),
(234, 65, 354, '2020-03-29'),
(235, 28, 428, '2021-10-25'),
(236, 65, 471, '2020-01-31'),
(237, 99, 50, '2021-11-13'),
(238, 24, 97, '2021-09-14'),
(239, 19, 104, '2021-02-19'),
(240, 64, 431, '2022-12-11'),
(241, 72, 207, '2020-12-23'),
(242, 32, 342, '2022-04-09'),
(243, 60, 106, '2021-10-09'),
(244, 46, 359, '2022-07-10'),
(245, 92, 499, '2021-03-06'),
(246, 38, 208, '2022-05-12'),
(247, 59, 229, '2021-06-25'),
(248, 89, 99, '2020-10-06'),
(249, 68, 375, '2021-01-14'),
(250, 74, 475, '2020-08-24'),
(251, 56, 430, '2021-04-05'),
(252, 24, 227, '2022-01-08'),
(253, 3, 25, '2020-11-19'),
(254, 8, 14, '2020-05-31'),
(255, 76, 211, '2022-04-09'),
(256, 46, 472, '2022-05-31'),
(257, 82, 105, '2021-06-04'),
(258, 81, 347, '2021-06-03'),
(259, 70, 375, '2020-08-02'),
(260, 1, 351, '2021-12-27'),
(261, 52, 41, '2020-09-16'),
(262, 40, 106, '2021-12-07'),
(263, 94, 341, '2021-09-10'),
(264, 84, 135, '2021-07-05'),
(265, 10, 452, '2022-04-20'),
(266, 76, 498, '2021-12-30'),
(267, 20, 42, '2022-10-11'),
(268, 26, 17, '2020-05-14'),
(269, 26, 172, '2020-08-02'),
(270, 90, 82, '2021-03-17'),
(271, 63, 359, '2022-05-20'),
(272, 68, 64, '2022-03-13'),
(273, 58, 6, '2020-11-29'),
(274, 1, 49, '2020-10-23'),
(275, 74, 97, '2021-04-30'),
(276, 17, 320, '2020-09-06'),
(277, 15, 500, '2021-04-16'),
(278, 41, 303, '2022-01-12'),
(279, 14, 176, '2020-08-13'),
(280, 69, 190, '2022-09-11'),
(281, 66, 300, '2022-04-21'),
(282, 69, 403, '2020-07-23'),
(283, 59, 118, '2021-06-30'),
(284, 91, 118, '2022-07-24'),
(285, 48, 22, '2021-07-30'),
(286, 79, 428, '2022-03-23'),
(287, 8, 228, '2022-11-11'),
(288, 34, 182, '2020-08-21'),
(289, 47, 250, '2022-09-08'),
(290, 28, 455, '2021-11-04'),
(291, 86, 397, '2021-07-19'),
(292, 43, 113, '2021-08-15'),
(293, 32, 472, '2022-11-30'),
(294, 13, 290, '2021-08-15'),
(295, 77, 254, '2022-12-04'),
(296, 45, 163, '2022-12-12'),
(297, 19, 170, '2021-03-06'),
(298, 67, 225, '2020-10-31'),
(299, 44, 285, '2022-05-02'),
(300, 76, 70, '2020-12-26'),
(301, 71, 98, '2022-05-17'),
(302, 59, 179, '2021-10-31'),
(303, 90, 356, '2022-05-11'),
(304, 74, 456, '2022-02-25'),
(305, 50, 267, '2022-08-03'),
(306, 23, 245, '2020-10-08'),
(307, 62, 473, '2020-08-25'),
(308, 95, 423, '2022-06-24'),
(309, 89, 74, '2021-09-25'),
(310, 98, 227, '2021-08-21'),
(311, 41, 86, '2020-09-22'),
(312, 13, 90, '2021-11-19'),
(313, 22, 267, '2022-06-25'),
(314, 60, 129, '2021-05-16'),
(315, 39, 311, '2022-10-20'),
(316, 98, 455, '2022-09-18'),
(317, 24, 210, '2020-10-29'),
(318, 17, 125, '2022-06-15'),
(319, 97, 426, '2022-11-03'),
(320, 70, 227, '2020-09-24'),
(321, 17, 211, '2021-03-02'),
(322, 20, 481, '2022-10-21'),
(323, 63, 107, '2020-05-03'),
(324, 3, 2, '2021-05-03'),
(325, 42, 385, '2021-03-28'),
(326, 87, 435, '2022-06-01'),
(327, 65, 349, '2021-03-18'),
(328, 21, 213, '2020-07-16'),
(329, 26, 280, '2022-06-14'),
(330, 52, 224, '2021-04-10'),
(331, 76, 17, '2021-03-01'),
(332, 74, 388, '2021-07-27'),
(333, 88, 280, '2022-07-10'),
(334, 35, 186, '2022-09-22'),
(335, 19, 70, '2020-09-20'),
(336, 50, 363, '2020-11-26'),
(337, 13, 399, '2020-07-26'),
(338, 12, 427, '2022-10-06'),
(339, 50, 219, '2021-09-05'),
(340, 84, 466, '2020-05-13'),
(341, 38, 439, '2022-08-20'),
(342, 92, 480, '2021-08-10'),
(343, 12, 26, '2020-04-28'),
(344, 33, 247, '2022-02-19'),
(345, 33, 267, '2021-09-14'),
(346, 45, 109, '2020-04-16'),
(347, 27, 233, '2021-08-12'),
(348, 2, 125, '2021-09-24'),
(349, 91, 118, '2022-02-01'),
(350, 29, 218, '2020-07-22'),
(351, 77, 492, '2020-09-07'),
(352, 46, 287, '2022-10-21'),
(353, 14, 45, '2021-03-01'),
(354, 76, 393, '2020-12-24'),
(355, 1, 281, '2022-02-13'),
(356, 99, 432, '2020-09-17'),
(357, 60, 421, '2022-08-10'),
(358, 32, 478, '2020-10-26'),
(359, 77, 465, '2021-08-03'),
(360, 85, 345, '2022-10-22'),
(361, 88, 109, '2021-03-16'),
(362, 7, 35, '2021-06-25'),
(363, 90, 168, '2020-12-10'),
(364, 10, 8, '2021-07-15'),
(365, 80, 470, '2022-07-20'),
(366, 54, 406, '2020-04-20'),
(367, 20, 50, '2021-06-13'),
(368, 60, 10, '2020-03-21'),
(369, 15, 316, '2021-10-22'),
(370, 69, 316, '2020-07-07'),
(371, 22, 116, '2022-11-20'),
(372, 31, 449, '2022-10-16'),
(373, 17, 266, '2022-10-21'),
(374, 58, 186, '2020-12-27'),
(375, 72, 462, '2021-01-09'),
(376, 29, 354, '2020-05-21'),
(377, 79, 219, '2022-03-21'),
(378, 33, 160, '2020-02-02'),
(379, 82, 452, '2020-11-05'),
(380, 20, 27, '2020-04-07'),
(381, 39, 4, '2020-06-22'),
(382, 39, 370, '2020-05-10'),
(383, 63, 143, '2022-10-02'),
(384, 66, 225, '2021-03-31'),
(385, 5, 116, '2020-10-30'),
(386, 28, 410, '2020-02-23'),
(387, 48, 110, '2022-01-27'),
(388, 46, 427, '2020-08-20'),
(389, 26, 22, '2022-05-22'),
(390, 71, 134, '2020-09-07'),
(391, 51, 185, '2021-07-30'),
(392, 83, 336, '2022-12-20'),
(393, 10, 211, '2020-08-01'),
(394, 62, 195, '2020-12-20'),
(395, 85, 330, '2022-01-10'),
(396, 41, 191, '2021-09-12'),
(397, 36, 114, '2021-10-05'),
(398, 30, 1, '2022-04-18'),
(399, 18, 318, '2020-04-20'),
(400, 97, 379, '2020-12-25'),
(401, 38, 359, '2020-05-17'),
(402, 94, 50, '2021-03-11'),
(403, 58, 227, '2021-05-18'),
(404, 80, 395, '2022-03-12'),
(405, 37, 370, '2021-06-07'),
(406, 43, 239, '2020-07-21'),
(407, 76, 287, '2021-01-08'),
(408, 32, 173, '2022-11-28'),
(409, 91, 16, '2020-05-27'),
(410, 9, 163, '2020-06-14'),
(411, 44, 271, '2020-09-26'),
(412, 11, 454, '2020-06-21'),
(413, 89, 103, '2021-08-29'),
(414, 94, 62, '2020-02-17'),
(415, 59, 400, '2021-11-19'),
(416, 72, 189, '2021-11-25'),
(417, 4, 92, '2020-06-08'),
(418, 8, 348, '2021-01-28'),
(419, 56, 120, '2021-04-28'),
(420, 72, 21, '2022-02-19'),
(421, 37, 22, '2020-02-12'),
(422, 49, 151, '2021-03-18'),
(423, 38, 216, '2022-08-21'),
(424, 77, 387, '2021-02-12'),
(425, 87, 481, '2022-11-13'),
(426, 2, 328, '2021-11-21'),
(427, 80, 269, '2021-02-11'),
(428, 93, 53, '2021-10-08'),
(429, 87, 111, '2020-02-09'),
(430, 10, 155, '2021-11-25'),
(431, 67, 352, '2021-01-09'),
(432, 2, 75, '2022-12-13'),
(433, 76, 193, '2021-04-19'),
(434, 74, 14, '2020-06-27'),
(435, 72, 300, '2022-08-30'),
(436, 57, 94, '2022-03-25'),
(437, 59, 347, '2022-06-30'),
(438, 54, 329, '2022-03-26'),
(439, 34, 16, '2022-07-22'),
(440, 56, 95, '2021-07-27'),
(441, 51, 206, '2020-07-29'),
(442, 47, 282, '2020-10-21'),
(443, 85, 450, '2020-06-21'),
(444, 73, 424, '2022-04-11'),
(445, 40, 336, '2020-10-31'),
(446, 10, 208, '2021-01-09'),
(447, 65, 332, '2022-03-19'),
(448, 28, 169, '2020-02-09'),
(449, 47, 161, '2020-09-14'),
(450, 76, 191, '2022-09-20'),
(451, 6, 146, '2021-06-17'),
(452, 11, 445, '2022-09-25'),
(453, 59, 22, '2021-10-18'),
(454, 3, 381, '2021-08-11'),
(455, 100, 285, '2020-03-02'),
(456, 23, 460, '2020-07-08'),
(457, 33, 170, '2021-08-28'),
(458, 39, 46, '2022-01-05'),
(459, 49, 362, '2020-01-01'),
(460, 82, 335, '2022-11-13'),
(461, 52, 33, '2022-10-08'),
(462, 83, 92, '2020-10-31'),
(463, 67, 451, '2022-05-06'),
(464, 44, 245, '2022-10-29'),
(465, 30, 252, '2021-09-09'),
(466, 92, 233, '2022-07-26'),
(467, 38, 379, '2021-01-16'),
(468, 98, 277, '2021-11-04'),
(469, 29, 17, '2022-09-05'),
(470, 61, 268, '2022-11-11'),
(471, 67, 250, '2022-09-19'),
(472, 41, 54, '2020-06-04'),
(473, 59, 500, '2021-10-01'),
(474, 3, 201, '2022-04-28'),
(475, 4, 353, '2020-03-25'),
(476, 45, 319, '2021-07-18'),
(477, 46, 230, '2022-09-06'),
(478, 35, 179, '2022-01-31'),
(479, 80, 380, '2021-12-16'),
(480, 81, 284, '2021-01-21'),
(481, 6, 59, '2021-09-06'),
(482, 26, 497, '2022-11-07'),
(483, 52, 205, '2021-11-20'),
(484, 63, 500, '2022-11-21'),
(485, 61, 311, '2020-02-28'),
(486, 26, 340, '2021-02-27'),
(487, 32, 352, '2020-06-19'),
(488, 14, 26, '2022-08-25'),
(489, 56, 274, '2020-03-18'),
(490, 69, 492, '2020-11-22'),
(491, 68, 305, '2020-08-26'),
(492, 8, 249, '2021-11-14'),
(493, 77, 227, '2020-01-01'),
(494, 28, 225, '2022-06-03'),
(495, 97, 274, '2022-06-30'),
(496, 94, 184, '2021-03-23'),
(497, 13, 476, '2022-06-09'),
(498, 14, 368, '2022-02-21'),
(499, 9, 255, '2021-01-26'),
(500, 1, 474, '2022-02-15'),
(501, 60, 282, '2020-10-05'),
(502, 52, 306, '2020-11-24'),
(503, 10, 21, '2022-12-29'),
(504, 60, 231, '2021-11-26'),
(505, 39, 95, '2020-07-28'),
(506, 51, 283, '2020-06-26'),
(507, 74, 452, '2022-11-20'),
(508, 42, 152, '2022-04-12'),
(509, 17, 360, '2022-03-02'),
(510, 74, 300, '2020-10-08'),
(511, 45, 32, '2022-02-28'),
(512, 90, 29, '2021-05-18'),
(513, 59, 126, '2022-02-22'),
(514, 58, 470, '2021-06-21'),
(515, 95, 108, '2022-09-29'),
(516, 98, 120, '2020-08-03'),
(517, 40, 163, '2020-08-29'),
(518, 66, 51, '2021-06-17'),
(519, 52, 303, '2021-06-10'),
(520, 19, 275, '2022-03-16'),
(521, 86, 423, '2021-02-27'),
(522, 48, 369, '2020-01-24'),
(523, 43, 266, '2020-05-13'),
(524, 11, 415, '2022-06-06'),
(525, 76, 469, '2022-08-07'),
(526, 54, 95, '2021-07-29'),
(527, 50, 444, '2021-12-18'),
(528, 34, 217, '2020-05-13'),
(529, 83, 383, '2020-10-07'),
(530, 17, 478, '2022-11-13'),
(531, 18, 104, '2022-10-12'),
(532, 27, 340, '2022-05-25'),
(533, 66, 26, '2020-01-18'),
(534, 12, 482, '2022-08-14'),
(535, 41, 41, '2022-05-02'),
(536, 46, 253, '2022-10-05'),
(537, 37, 398, '2020-09-26'),
(538, 17, 294, '2021-03-27'),
(539, 43, 39, '2022-11-23'),
(540, 5, 152, '2021-05-10'),
(541, 97, 219, '2021-10-05'),
(542, 35, 29, '2022-01-19'),
(543, 73, 355, '2021-11-07'),
(544, 65, 257, '2020-01-10'),
(545, 65, 293, '2021-08-12'),
(546, 16, 328, '2020-08-03'),
(547, 96, 379, '2020-12-02'),
(548, 32, 384, '2020-04-24'),
(549, 26, 314, '2022-04-27'),
(550, 22, 450, '2022-02-15'),
(551, 97, 280, '2021-11-12'),
(552, 14, 214, '2020-05-03'),
(553, 46, 366, '2020-12-26'),
(554, 48, 322, '2020-12-22'),
(555, 28, 352, '2021-12-31'),
(556, 87, 126, '2020-10-17'),
(557, 63, 295, '2022-10-17'),
(558, 4, 28, '2020-10-24'),
(559, 16, 456, '2021-06-05'),
(560, 38, 300, '2020-01-09'),
(561, 18, 182, '2020-02-13'),
(562, 98, 362, '2022-02-19'),
(563, 27, 401, '2022-07-27'),
(564, 4, 12, '2020-07-23'),
(565, 50, 110, '2020-12-17'),
(566, 13, 357, '2022-05-23'),
(567, 21, 141, '2022-10-14'),
(568, 50, 442, '2021-12-07'),
(569, 51, 160, '2021-04-08'),
(570, 57, 491, '2020-04-09'),
(571, 6, 351, '2022-02-18'),
(572, 58, 404, '2022-11-26'),
(573, 13, 322, '2022-01-27'),
(574, 18, 228, '2021-08-01'),
(575, 91, 264, '2020-09-10'),
(576, 29, 38, '2020-01-29'),
(577, 78, 132, '2020-04-26'),
(578, 66, 408, '2021-08-19'),
(579, 73, 484, '2021-09-07'),
(580, 17, 204, '2020-12-15'),
(581, 84, 39, '2021-04-22'),
(582, 62, 48, '2022-05-31'),
(583, 71, 59, '2020-08-10'),
(584, 95, 205, '2022-01-17'),
(585, 29, 47, '2020-03-22'),
(586, 49, 440, '2020-07-16'),
(587, 70, 351, '2022-04-19'),
(588, 46, 106, '2020-05-07'),
(589, 60, 293, '2022-04-13'),
(590, 34, 34, '2021-04-10'),
(591, 20, 2, '2022-03-14'),
(592, 83, 150, '2022-07-02'),
(593, 50, 376, '2021-06-23'),
(594, 6, 372, '2021-02-16'),
(595, 87, 342, '2021-09-19'),
(596, 95, 430, '2021-06-24'),
(597, 13, 248, '2022-01-21'),
(598, 27, 129, '2020-02-11'),
(599, 15, 106, '2022-03-08'),
(600, 25, 102, '2020-06-03'),
(601, 87, 351, '2021-06-07'),
(602, 67, 418, '2022-07-14'),
(603, 51, 175, '2021-01-02'),
(604, 58, 81, '2022-10-28'),
(605, 66, 47, '2020-05-30'),
(606, 11, 258, '2022-06-19'),
(607, 53, 220, '2021-08-09'),
(608, 81, 339, '2021-01-04'),
(609, 8, 220, '2020-03-09'),
(610, 93, 75, '2021-05-22'),
(611, 4, 212, '2021-10-31'),
(612, 85, 185, '2022-09-04'),
(613, 10, 73, '2021-04-13'),
(614, 14, 268, '2021-07-09'),
(615, 2, 495, '2020-10-21'),
(616, 56, 133, '2020-06-03'),
(617, 94, 397, '2022-02-11'),
(618, 85, 399, '2021-11-13'),
(619, 52, 330, '2021-08-23'),
(620, 9, 456, '2022-07-02'),
(621, 60, 424, '2021-09-02'),
(622, 38, 160, '2022-06-24'),
(623, 60, 161, '2021-10-08'),
(624, 67, 184, '2022-11-05'),
(625, 53, 105, '2021-09-15'),
(626, 6, 459, '2020-02-16'),
(627, 27, 235, '2020-11-22'),
(628, 96, 343, '2020-07-26'),
(629, 26, 303, '2022-07-24'),
(630, 46, 454, '2021-10-14'),
(631, 31, 238, '2022-07-30'),
(632, 79, 107, '2021-09-25'),
(633, 100, 383, '2020-10-17'),
(634, 40, 145, '2022-05-05'),
(635, 91, 198, '2021-12-03'),
(636, 35, 290, '2021-06-30'),
(637, 33, 261, '2022-03-11'),
(638, 5, 336, '2020-09-29'),
(639, 6, 500, '2021-12-26'),
(640, 51, 329, '2020-05-08'),
(641, 82, 322, '2022-03-11'),
(642, 50, 26, '2020-08-12'),
(643, 24, 13, '2021-07-22'),
(644, 98, 352, '2022-10-28'),
(645, 44, 61, '2020-09-08'),
(646, 96, 74, '2021-01-25'),
(647, 48, 488, '2020-06-07'),
(648, 72, 86, '2022-09-18'),
(649, 79, 311, '2022-07-30'),
(650, 39, 97, '2021-09-06'),
(651, 88, 448, '2022-04-26'),
(652, 89, 206, '2020-07-10'),
(653, 93, 121, '2021-05-25'),
(654, 69, 217, '2021-06-21'),
(655, 49, 425, '2020-10-09'),
(656, 46, 241, '2022-12-29'),
(657, 44, 312, '2021-08-12'),
(658, 39, 223, '2020-02-06'),
(659, 26, 13, '2021-07-11'),
(660, 51, 228, '2022-05-01'),
(661, 46, 472, '2021-10-28'),
(662, 64, 220, '2021-11-10'),
(663, 66, 443, '2022-09-10'),
(664, 97, 443, '2020-09-16'),
(665, 31, 169, '2022-11-04'),
(666, 22, 190, '2021-01-25'),
(667, 73, 134, '2022-07-15'),
(668, 25, 293, '2021-10-22'),
(669, 78, 483, '2022-09-19'),
(670, 99, 317, '2022-12-22'),
(671, 40, 25, '2020-03-23'),
(672, 100, 288, '2020-11-25'),
(673, 79, 65, '2020-08-29'),
(674, 13, 135, '2020-04-15'),
(675, 30, 491, '2020-09-11'),
(676, 78, 329, '2021-08-18'),
(677, 38, 34, '2021-07-13'),
(678, 8, 306, '2021-05-21'),
(679, 70, 145, '2022-11-06'),
(680, 20, 69, '2021-12-01'),
(681, 96, 178, '2022-04-07'),
(682, 64, 323, '2022-02-16'),
(683, 45, 126, '2020-03-20'),
(684, 54, 386, '2022-06-24'),
(685, 91, 261, '2022-05-19'),
(686, 23, 422, '2020-12-26'),
(687, 71, 73, '2021-05-09'),
(688, 97, 279, '2022-10-15'),
(689, 82, 335, '2021-01-08'),
(690, 55, 73, '2020-07-24'),
(691, 78, 462, '2020-04-05'),
(692, 99, 147, '2020-01-02'),
(693, 46, 298, '2022-06-10'),
(694, 88, 273, '2021-09-06'),
(695, 34, 135, '2021-08-23'),
(696, 83, 494, '2021-03-04'),
(697, 66, 372, '2021-05-09'),
(698, 63, 170, '2021-01-08'),
(699, 48, 312, '2021-07-11'),
(700, 34, 417, '2021-01-05'),
(701, 70, 443, '2022-07-05'),
(702, 23, 378, '2021-08-20'),
(703, 67, 306, '2021-10-23'),
(704, 90, 290, '2021-05-17'),
(705, 35, 313, '2021-03-21'),
(706, 89, 395, '2021-06-24'),
(707, 42, 306, '2022-02-25'),
(708, 66, 223, '2022-08-29'),
(709, 60, 59, '2021-11-23'),
(710, 5, 463, '2021-11-28'),
(711, 54, 398, '2022-01-09'),
(712, 16, 70, '2020-06-06'),
(713, 37, 24, '2022-06-15'),
(714, 73, 492, '2020-06-21'),
(715, 43, 2, '2022-01-17'),
(716, 44, 171, '2022-06-15'),
(717, 30, 482, '2022-04-26'),
(718, 80, 201, '2022-01-09'),
(719, 55, 131, '2021-01-10'),
(720, 68, 210, '2020-12-04'),
(721, 59, 272, '2022-01-04'),
(722, 95, 492, '2021-01-17'),
(723, 35, 341, '2021-09-04'),
(724, 92, 207, '2020-04-15'),
(725, 33, 253, '2020-07-20'),
(726, 91, 39, '2021-12-31'),
(727, 94, 402, '2021-02-01'),
(728, 81, 112, '2022-06-27'),
(729, 57, 144, '2022-06-14'),
(730, 28, 205, '2021-09-17'),
(731, 77, 39, '2020-09-12'),
(732, 25, 487, '2021-09-16'),
(733, 92, 84, '2021-05-06'),
(734, 20, 270, '2021-11-22'),
(735, 98, 405, '2020-10-04'),
(736, 39, 468, '2022-07-21'),
(737, 65, 403, '2020-11-26'),
(738, 34, 118, '2021-10-22'),
(739, 38, 203, '2022-11-12'),
(740, 4, 116, '2022-03-14'),
(741, 52, 338, '2020-08-03'),
(742, 29, 495, '2020-09-06'),
(743, 27, 488, '2021-01-25'),
(744, 100, 25, '2021-07-01'),
(745, 52, 58, '2022-03-29'),
(746, 16, 246, '2021-10-10'),
(747, 73, 74, '2021-09-25'),
(748, 89, 220, '2021-12-14'),
(749, 23, 459, '2020-12-23'),
(750, 32, 185, '2020-05-09'),
(751, 38, 41, '2021-01-31'),
(752, 15, 222, '2022-08-21'),
(753, 26, 483, '2022-12-07'),
(754, 31, 361, '2022-01-15'),
(755, 81, 367, '2021-07-13'),
(756, 49, 323, '2022-07-27'),
(757, 58, 122, '2020-01-19'),
(758, 12, 301, '2020-03-22'),
(759, 76, 13, '2021-05-20'),
(760, 59, 95, '2021-09-26'),
(761, 37, 489, '2020-05-17'),
(762, 16, 74, '2021-07-04'),
(763, 85, 102, '2021-12-27'),
(764, 11, 123, '2020-12-30'),
(765, 56, 109, '2022-02-24'),
(766, 70, 144, '2022-08-04'),
(767, 71, 173, '2020-10-30'),
(768, 51, 216, '2020-05-17'),
(769, 73, 213, '2022-02-23'),
(770, 21, 30, '2021-06-30'),
(771, 80, 356, '2020-01-07'),
(772, 88, 277, '2022-08-12'),
(773, 46, 72, '2020-06-09'),
(774, 18, 53, '2020-08-13'),
(775, 31, 418, '2022-04-12'),
(776, 87, 246, '2020-10-06'),
(777, 20, 266, '2022-05-06'),
(778, 48, 254, '2022-01-17'),
(779, 6, 269, '2020-11-05'),
(780, 87, 156, '2022-11-28'),
(781, 43, 41, '2020-02-28'),
(782, 53, 141, '2020-01-25'),
(783, 83, 143, '2021-02-12'),
(784, 12, 184, '2022-10-05'),
(785, 78, 499, '2020-02-02'),
(786, 86, 489, '2022-04-22'),
(787, 87, 241, '2021-04-23'),
(788, 20, 304, '2022-02-09'),
(789, 76, 192, '2022-08-07'),
(790, 25, 496, '2022-04-13'),
(791, 45, 312, '2022-11-25'),
(792, 94, 211, '2021-10-15'),
(793, 27, 266, '2020-10-09'),
(794, 10, 206, '2021-02-14'),
(795, 2, 185, '2020-10-10'),
(796, 75, 316, '2020-02-21'),
(797, 51, 474, '2020-12-12'),
(798, 20, 285, '2020-11-12'),
(799, 42, 98, '2021-11-29'),
(800, 50, 85, '2020-07-14'),
(801, 40, 165, '2022-09-29'),
(802, 6, 112, '2021-10-27'),
(803, 21, 181, '2022-01-17'),
(804, 70, 232, '2022-12-08'),
(805, 31, 114, '2022-08-02'),
(806, 65, 447, '2022-12-17'),
(807, 90, 278, '2022-11-07'),
(808, 9, 93, '2022-12-22'),
(809, 35, 56, '2021-12-01'),
(810, 77, 229, '2020-07-21'),
(811, 60, 245, '2022-06-17'),
(812, 54, 177, '2022-10-08'),
(813, 82, 121, '2021-10-25'),
(814, 77, 433, '2022-02-21'),
(815, 74, 290, '2022-10-02'),
(816, 30, 21, '2021-10-15'),
(817, 25, 11, '2021-02-22'),
(818, 65, 137, '2022-04-05'),
(819, 72, 33, '2020-05-01'),
(820, 98, 338, '2022-11-26'),
(821, 52, 476, '2021-12-04'),
(822, 32, 54, '2022-02-18'),
(823, 56, 27, '2020-07-19'),
(824, 90, 93, '2021-10-24'),
(825, 74, 80, '2020-04-30'),
(826, 75, 189, '2022-07-13'),
(827, 94, 420, '2020-04-28'),
(828, 44, 287, '2020-10-09'),
(829, 77, 101, '2021-12-23'),
(830, 47, 264, '2022-09-04'),
(831, 12, 60, '2022-12-05'),
(832, 79, 200, '2020-02-03'),
(833, 30, 363, '2020-12-24'),
(834, 59, 146, '2021-01-05'),
(835, 26, 18, '2021-12-04'),
(836, 100, 146, '2022-03-24'),
(837, 45, 284, '2021-06-14'),
(838, 21, 363, '2020-10-10'),
(839, 10, 414, '2022-06-01'),
(840, 22, 70, '2021-04-14'),
(841, 78, 375, '2022-03-16'),
(842, 32, 175, '2022-02-16'),
(843, 65, 495, '2022-03-21'),
(844, 14, 223, '2021-07-17'),
(845, 53, 16, '2022-11-14'),
(846, 88, 479, '2021-08-01'),
(847, 42, 492, '2021-10-27'),
(848, 30, 471, '2021-05-06'),
(849, 59, 217, '2020-04-12'),
(850, 2, 328, '2021-08-30'),
(851, 96, 299, '2021-03-17'),
(852, 38, 10, '2021-07-21'),
(853, 86, 85, '2020-03-23'),
(854, 50, 211, '2022-06-13'),
(855, 95, 50, '2021-01-15'),
(856, 95, 223, '2020-03-27'),
(857, 84, 197, '2022-11-16'),
(858, 31, 202, '2021-12-05'),
(859, 81, 171, '2020-02-26'),
(860, 24, 158, '2021-07-07'),
(861, 7, 232, '2020-07-25'),
(862, 41, 390, '2022-04-01'),
(863, 28, 239, '2022-01-08'),
(864, 76, 34, '2022-06-22'),
(865, 6, 51, '2020-04-14'),
(866, 4, 42, '2022-09-23'),
(867, 3, 202, '2022-05-08'),
(868, 91, 104, '2022-03-12'),
(869, 13, 59, '2022-10-23'),
(870, 71, 241, '2020-01-24'),
(871, 51, 269, '2021-07-29'),
(872, 24, 293, '2021-09-17'),
(873, 64, 291, '2020-07-14'),
(874, 56, 486, '2021-05-22'),
(875, 14, 156, '2021-09-09'),
(876, 100, 363, '2021-07-06'),
(877, 80, 87, '2020-08-17'),
(878, 46, 148, '2021-12-21'),
(879, 4, 72, '2021-09-07'),
(880, 91, 403, '2022-08-14'),
(881, 15, 161, '2021-09-05'),
(882, 100, 388, '2021-04-16'),
(883, 76, 467, '2021-12-03'),
(884, 69, 154, '2022-02-28'),
(885, 70, 8, '2021-02-04'),
(886, 92, 88, '2022-12-05'),
(887, 85, 89, '2022-03-30'),
(888, 63, 21, '2022-04-13'),
(889, 15, 459, '2022-01-17'),
(890, 30, 391, '2020-05-25'),
(891, 18, 455, '2020-02-07'),
(892, 8, 235, '2020-06-06'),
(893, 93, 426, '2021-12-30'),
(894, 98, 477, '2022-01-13'),
(895, 98, 63, '2022-08-19'),
(896, 85, 299, '2022-04-08'),
(897, 15, 103, '2021-07-22'),
(898, 55, 231, '2020-03-09'),
(899, 37, 177, '2022-11-16'),
(900, 21, 172, '2020-05-21'),
(901, 44, 64, '2021-11-01'),
(902, 68, 39, '2021-09-03'),
(903, 58, 393, '2022-06-12'),
(904, 10, 342, '2020-07-30'),
(905, 1, 370, '2021-10-05'),
(906, 90, 484, '2022-03-15'),
(907, 98, 156, '2021-10-07'),
(908, 69, 143, '2022-03-23'),
(909, 34, 427, '2022-08-26'),
(910, 48, 284, '2020-02-07'),
(911, 57, 46, '2022-12-01'),
(912, 25, 446, '2020-05-27'),
(913, 21, 129, '2021-12-29'),
(914, 46, 175, '2022-07-26'),
(915, 68, 268, '2022-05-18'),
(916, 88, 493, '2022-09-25'),
(917, 33, 219, '2022-05-28'),
(918, 8, 251, '2020-12-26'),
(919, 11, 219, '2022-07-12'),
(920, 35, 233, '2020-12-30'),
(921, 46, 74, '2020-09-08'),
(922, 42, 303, '2020-05-05'),
(923, 95, 345, '2021-08-08'),
(924, 24, 26, '2022-05-10'),
(925, 71, 237, '2021-01-30'),
(926, 7, 162, '2021-05-21'),
(927, 96, 428, '2021-01-16'),
(928, 38, 87, '2021-07-16'),
(929, 68, 444, '2020-02-19'),
(930, 49, 360, '2021-08-12'),
(931, 13, 311, '2021-08-20'),
(932, 65, 133, '2022-11-25'),
(933, 87, 58, '2020-12-20'),
(934, 71, 267, '2021-11-27'),
(935, 14, 188, '2022-01-18'),
(936, 49, 297, '2020-10-08'),
(937, 50, 203, '2022-06-12'),
(938, 90, 272, '2021-07-01'),
(939, 54, 357, '2020-09-02'),
(940, 7, 380, '2021-08-17'),
(941, 34, 441, '2020-02-21'),
(942, 53, 79, '2022-11-02'),
(943, 3, 97, '2022-01-14'),
(944, 56, 182, '2021-08-08'),
(945, 2, 38, '2022-09-07'),
(946, 76, 411, '2021-11-07'),
(947, 76, 373, '2021-12-17'),
(948, 65, 452, '2020-07-01'),
(949, 50, 221, '2021-01-15'),
(950, 92, 88, '2021-07-30'),
(951, 88, 369, '2021-06-02'),
(952, 93, 223, '2021-11-24'),
(953, 2, 257, '2021-12-05'),
(954, 49, 287, '2020-05-29'),
(955, 83, 475, '2020-04-17'),
(956, 11, 360, '2022-09-20'),
(957, 17, 144, '2020-06-08'),
(958, 69, 330, '2021-08-27'),
(959, 95, 203, '2021-06-22'),
(960, 66, 240, '2022-08-08'),
(961, 77, 309, '2020-01-31'),
(962, 85, 312, '2022-05-24'),
(963, 25, 419, '2020-02-03'),
(964, 66, 197, '2022-10-04'),
(965, 26, 327, '2022-07-06'),
(966, 84, 452, '2022-08-13'),
(967, 43, 167, '2020-08-08'),
(968, 77, 116, '2020-12-16'),
(969, 6, 477, '2020-03-28'),
(970, 79, 447, '2021-08-21'),
(971, 29, 212, '2020-01-19'),
(972, 50, 242, '2022-11-08'),
(973, 63, 314, '2021-03-11'),
(974, 46, 394, '2022-10-28'),
(975, 47, 380, '2022-07-23'),
(976, 97, 72, '2021-09-21'),
(977, 84, 92, '2022-03-11'),
(978, 5, 86, '2022-08-14'),
(979, 5, 144, '2021-04-14'),
(980, 18, 162, '2021-04-30'),
(981, 90, 34, '2020-12-02'),
(982, 69, 159, '2020-11-25'),
(983, 44, 93, '2021-02-21'),
(984, 47, 51, '2020-10-15'),
(985, 62, 459, '2021-06-28'),
(986, 51, 483, '2022-12-14'),
(987, 43, 264, '2020-04-21'),
(988, 39, 367, '2021-09-07'),
(989, 97, 327, '2022-05-10'),
(990, 10, 77, '2022-11-06'),
(991, 35, 217, '2022-12-21'),
(992, 55, 153, '2020-04-21'),
(993, 4, 75, '2022-11-08'),
(994, 38, 390, '2020-12-24'),
(995, 99, 481, '2020-11-12'),
(996, 10, 137, '2021-08-13'),
(997, 27, 180, '2021-07-09'),
(998, 59, 414, '2022-07-26'),
(999, 53, 150, '2021-09-01'),
(1000, 40, 382, '2022-06-19'),
(1001, 1, 53, '2021-11-26'),
(1002, 63, 119, '2022-09-09'),
(1003, 47, 118, '2020-10-04'),
(1004, 85, 107, '2022-04-17'),
(1005, 7, 65, '2022-10-28'),
(1006, 20, 274, '2022-04-12'),
(1007, 55, 216, '2020-09-15'),
(1008, 67, 393, '2020-02-29'),
(1009, 10, 142, '2020-01-03'),
(1010, 58, 433, '2020-05-08'),
(1011, 53, 162, '2020-06-24'),
(1012, 5, 362, '2022-03-14'),
(1013, 100, 96, '2021-05-25'),
(1014, 79, 18, '2022-10-20'),
(1015, 21, 36, '2022-10-04'),
(1016, 46, 477, '2020-07-28'),
(1017, 100, 63, '2022-10-15'),
(1018, 19, 289, '2022-12-11'),
(1019, 74, 175, '2022-07-29'),
(1020, 38, 340, '2021-01-02'),
(1021, 90, 380, '2020-04-18'),
(1022, 83, 237, '2020-04-15'),
(1023, 46, 257, '2022-05-13'),
(1024, 57, 64, '2021-05-03'),
(1025, 40, 76, '2021-07-19'),
(1026, 58, 459, '2021-07-31'),
(1027, 97, 412, '2021-09-16'),
(1028, 44, 256, '2021-01-22'),
(1029, 62, 166, '2021-04-12'),
(1030, 40, 356, '2021-04-27'),
(1031, 80, 352, '2022-09-25'),
(1032, 97, 149, '2020-01-24'),
(1033, 86, 218, '2022-10-20'),
(1034, 3, 203, '2021-06-06'),
(1035, 47, 168, '2021-04-15'),
(1036, 64, 134, '2021-12-17'),
(1037, 95, 264, '2021-05-27'),
(1038, 40, 411, '2021-07-16'),
(1039, 10, 237, '2020-04-27'),
(1040, 1, 344, '2021-08-31'),
(1041, 87, 9, '2020-03-17'),
(1042, 46, 94, '2021-03-26'),
(1043, 12, 96, '2021-08-15'),
(1044, 2, 316, '2021-11-09'),
(1045, 30, 258, '2022-03-04'),
(1046, 17, 326, '2022-02-23'),
(1047, 7, 412, '2020-08-26'),
(1048, 50, 107, '2021-11-09'),
(1049, 30, 94, '2022-04-15'),
(1050, 86, 269, '2020-03-03'),
(1051, 74, 155, '2020-10-12'),
(1052, 80, 345, '2022-12-16'),
(1053, 3, 236, '2020-10-13'),
(1054, 12, 153, '2020-08-18'),
(1055, 39, 120, '2020-12-30'),
(1056, 14, 307, '2022-04-19'),
(1057, 27, 171, '2022-01-31'),
(1058, 67, 478, '2022-01-10'),
(1059, 3, 57, '2022-01-20'),
(1060, 94, 462, '2021-10-02'),
(1061, 15, 482, '2021-05-02'),
(1062, 23, 37, '2022-03-13'),
(1063, 8, 386, '2020-04-21'),
(1064, 21, 426, '2020-04-12'),
(1065, 59, 415, '2021-02-17'),
(1066, 88, 98, '2022-09-20'),
(1067, 50, 225, '2022-02-15'),
(1068, 90, 163, '2022-10-11'),
(1069, 42, 108, '2022-04-06'),
(1070, 32, 456, '2022-05-08'),
(1071, 45, 207, '2021-04-22'),
(1072, 16, 274, '2022-11-30'),
(1073, 4, 106, '2021-04-07'),
(1074, 33, 205, '2020-04-28'),
(1075, 89, 247, '2021-12-03'),
(1076, 92, 185, '2020-07-28'),
(1077, 21, 389, '2021-03-04'),
(1078, 48, 403, '2022-09-29'),
(1079, 64, 246, '2022-04-18'),
(1080, 23, 415, '2020-05-31'),
(1081, 93, 144, '2021-11-02'),
(1082, 81, 237, '2020-10-21'),
(1083, 28, 53, '2020-10-08'),
(1084, 78, 172, '2021-10-02'),
(1085, 71, 283, '2021-09-23'),
(1086, 37, 232, '2021-10-28'),
(1087, 26, 486, '2021-06-23'),
(1088, 41, 129, '2020-05-09'),
(1089, 18, 300, '2020-02-09'),
(1090, 15, 405, '2022-04-22'),
(1091, 75, 200, '2022-09-17'),
(1092, 15, 25, '2021-06-10'),
(1093, 91, 396, '2022-03-14'),
(1094, 63, 48, '2020-04-29'),
(1095, 12, 370, '2022-06-23'),
(1096, 34, 150, '2020-09-15'),
(1097, 95, 422, '2020-10-29'),
(1098, 95, 340, '2020-06-01'),
(1099, 28, 124, '2021-04-14'),
(1100, 9, 92, '2021-09-10'),
(1101, 50, 190, '2022-03-19'),
(1102, 1, 332, '2022-05-26'),
(1103, 1, 390, '2022-06-02'),
(1104, 58, 147, '2020-03-22'),
(1105, 31, 469, '2021-06-03'),
(1106, 69, 239, '2020-10-04'),
(1107, 74, 228, '2021-01-25'),
(1108, 29, 84, '2020-09-21'),
(1109, 39, 94, '2022-11-11'),
(1110, 30, 403, '2020-07-14'),
(1111, 8, 301, '2021-07-29'),
(1112, 98, 229, '2022-07-27'),
(1113, 84, 143, '2020-05-12'),
(1114, 64, 462, '2022-03-03'),
(1115, 38, 197, '2021-04-03'),
(1116, 91, 214, '2022-03-12'),
(1117, 12, 376, '2022-10-12'),
(1118, 45, 265, '2021-01-09'),
(1119, 35, 95, '2021-06-20'),
(1120, 1, 196, '2022-03-23'),
(1121, 35, 39, '2020-06-16'),
(1122, 64, 24, '2021-12-01'),
(1123, 93, 46, '2022-01-08'),
(1124, 49, 391, '2020-08-09'),
(1125, 79, 402, '2022-07-16'),
(1126, 55, 101, '2021-09-15'),
(1127, 43, 291, '2022-01-13'),
(1128, 79, 192, '2022-03-27'),
(1129, 64, 413, '2021-02-11'),
(1130, 92, 81, '2020-06-16'),
(1131, 35, 346, '2022-12-25'),
(1132, 78, 376, '2022-04-10'),
(1133, 3, 330, '2021-10-18'),
(1134, 97, 99, '2020-06-08'),
(1135, 91, 185, '2020-08-21'),
(1136, 38, 422, '2022-07-16'),
(1137, 36, 22, '2021-04-01'),
(1138, 41, 392, '2022-04-03'),
(1139, 30, 25, '2022-06-17'),
(1140, 65, 50, '2020-02-17'),
(1141, 46, 328, '2020-04-06'),
(1142, 11, 81, '2021-02-01'),
(1143, 26, 183, '2022-09-06'),
(1144, 59, 9, '2021-08-03'),
(1145, 23, 151, '2020-07-21'),
(1146, 63, 420, '2022-04-12'),
(1147, 10, 17, '2020-04-02'),
(1148, 60, 448, '2021-08-07'),
(1149, 60, 54, '2022-03-05'),
(1150, 57, 361, '2022-01-21'),
(1151, 83, 424, '2020-01-21'),
(1152, 21, 348, '2020-11-14'),
(1153, 89, 283, '2020-10-01'),
(1154, 7, 3, '2021-06-05'),
(1155, 41, 248, '2022-11-23'),
(1156, 45, 307, '2022-08-21'),
(1157, 23, 223, '2020-12-19'),
(1158, 42, 446, '2021-11-16'),
(1159, 44, 410, '2021-12-03'),
(1160, 48, 209, '2022-09-25'),
(1161, 14, 41, '2021-05-07'),
(1162, 9, 330, '2020-08-22'),
(1163, 1, 420, '2022-09-28'),
(1164, 59, 268, '2021-07-29'),
(1165, 47, 455, '2021-08-05'),
(1166, 68, 478, '2020-01-27'),
(1167, 98, 278, '2022-09-01'),
(1168, 47, 259, '2021-11-27'),
(1169, 18, 158, '2022-07-14'),
(1170, 74, 470, '2021-10-08'),
(1171, 62, 250, '2020-08-02'),
(1172, 45, 142, '2021-03-05'),
(1173, 14, 332, '2022-06-27'),
(1174, 72, 155, '2021-01-23'),
(1175, 49, 418, '2022-02-19'),
(1176, 55, 273, '2021-04-15'),
(1177, 24, 202, '2022-02-07'),
(1178, 90, 492, '2022-08-23'),
(1179, 20, 197, '2020-06-10'),
(1180, 23, 468, '2021-11-15'),
(1181, 98, 346, '2022-12-08'),
(1182, 38, 226, '2022-06-28'),
(1183, 81, 53, '2020-09-23'),
(1184, 7, 361, '2020-07-12'),
(1185, 31, 169, '2021-09-12'),
(1186, 75, 11, '2021-09-27'),
(1187, 53, 341, '2022-03-01'),
(1188, 39, 221, '2020-10-26'),
(1189, 22, 28, '2020-01-17'),
(1190, 93, 391, '2020-04-20'),
(1191, 49, 328, '2020-06-15'),
(1192, 40, 87, '2020-10-24'),
(1193, 30, 120, '2022-11-19'),
(1194, 50, 276, '2021-01-10'),
(1195, 14, 117, '2021-05-06'),
(1196, 85, 381, '2020-09-27'),
(1197, 90, 441, '2021-05-28'),
(1198, 83, 69, '2020-06-21'),
(1199, 74, 90, '2020-05-27'),
(1200, 42, 359, '2021-04-23'),
(1201, 32, 465, '2021-03-01'),
(1202, 90, 350, '2020-11-19'),
(1203, 57, 38, '2020-06-30'),
(1204, 40, 473, '2021-03-17'),
(1205, 44, 83, '2020-07-01'),
(1206, 51, 450, '2022-12-14'),
(1207, 58, 207, '2022-01-18'),
(1208, 45, 354, '2021-08-27'),
(1209, 13, 90, '2021-04-21'),
(1210, 27, 350, '2021-10-28'),
(1211, 49, 330, '2020-08-16'),
(1212, 20, 382, '2020-03-03'),
(1213, 31, 148, '2020-02-11'),
(1214, 53, 486, '2022-04-16'),
(1215, 88, 123, '2022-12-28'),
(1216, 3, 285, '2020-02-03'),
(1217, 45, 5, '2022-04-16'),
(1218, 71, 294, '2022-05-27'),
(1219, 55, 281, '2022-09-15'),
(1220, 3, 126, '2022-03-08'),
(1221, 40, 175, '2022-11-19'),
(1222, 1, 246, '2022-08-18'),
(1223, 31, 1, '2022-07-23'),
(1224, 54, 419, '2022-06-20'),
(1225, 51, 9, '2021-08-22'),
(1226, 95, 267, '2022-05-16'),
(1227, 81, 192, '2022-09-21'),
(1228, 33, 203, '2020-05-12'),
(1229, 30, 410, '2020-05-09'),
(1230, 37, 350, '2022-07-19'),
(1231, 47, 275, '2020-07-29'),
(1232, 33, 450, '2021-11-11'),
(1233, 29, 251, '2021-06-03'),
(1234, 79, 197, '2020-04-26'),
(1235, 27, 7, '2020-06-03'),
(1236, 60, 402, '2021-01-13'),
(1237, 100, 231, '2022-05-23'),
(1238, 49, 124, '2021-07-04'),
(1239, 77, 229, '2020-02-10'),
(1240, 54, 496, '2021-03-27'),
(1241, 75, 408, '2022-12-20'),
(1242, 39, 149, '2020-12-26'),
(1243, 42, 50, '2020-02-06'),
(1244, 94, 69, '2020-03-25'),
(1245, 54, 188, '2022-09-23'),
(1246, 23, 141, '2021-09-23'),
(1247, 8, 265, '2022-11-27'),
(1248, 32, 153, '2022-10-11'),
(1249, 12, 245, '2022-05-14'),
(1250, 46, 253, '2021-11-21'),
(1251, 85, 473, '2020-12-05'),
(1252, 70, 131, '2022-04-25'),
(1253, 35, 217, '2021-01-28'),
(1254, 13, 105, '2020-08-17'),
(1255, 13, 260, '2020-11-11'),
(1256, 19, 144, '2020-12-09'),
(1257, 45, 358, '2020-11-18'),
(1258, 93, 485, '2022-07-17'),
(1259, 99, 182, '2022-11-05'),
(1260, 50, 350, '2020-07-25'),
(1261, 62, 294, '2022-03-29'),
(1262, 65, 447, '2020-09-20'),
(1263, 92, 359, '2021-05-24'),
(1264, 31, 493, '2022-12-08'),
(1265, 54, 295, '2022-07-22'),
(1266, 47, 162, '2022-06-06'),
(1267, 47, 51, '2022-06-12'),
(1268, 67, 119, '2020-01-07'),
(1269, 61, 149, '2021-08-18'),
(1270, 50, 131, '2022-04-02'),
(1271, 33, 423, '2022-03-26'),
(1272, 14, 47, '2020-07-09'),
(1273, 69, 247, '2020-05-18'),
(1274, 74, 394, '2021-09-23'),
(1275, 56, 389, '2022-01-28'),
(1276, 60, 492, '2020-04-22'),
(1277, 15, 84, '2021-09-25'),
(1278, 93, 496, '2020-07-06'),
(1279, 3, 56, '2021-12-25'),
(1280, 33, 304, '2022-04-24'),
(1281, 40, 72, '2021-09-18'),
(1282, 89, 282, '2022-08-30'),
(1283, 64, 165, '2020-09-18'),
(1284, 56, 460, '2022-11-15'),
(1285, 79, 415, '2020-06-16'),
(1286, 75, 78, '2021-12-10'),
(1287, 66, 220, '2021-05-04'),
(1288, 88, 439, '2020-12-09'),
(1289, 29, 85, '2020-05-26'),
(1290, 73, 136, '2022-08-05'),
(1291, 32, 13, '2022-05-08'),
(1292, 2, 363, '2021-08-17'),
(1293, 33, 272, '2022-07-20'),
(1294, 64, 427, '2021-07-28'),
(1295, 12, 278, '2021-09-27'),
(1296, 28, 422, '2022-02-19'),
(1297, 36, 318, '2021-11-10'),
(1298, 9, 13, '2020-12-22'),
(1299, 60, 53, '2022-01-16'),
(1300, 48, 115, '2022-03-08'),
(1301, 60, 348, '2021-12-13'),
(1302, 6, 428, '2022-05-08'),
(1303, 2, 261, '2020-10-10'),
(1304, 71, 273, '2022-10-08'),
(1305, 60, 257, '2022-08-15'),
(1306, 75, 19, '2022-11-02'),
(1307, 8, 339, '2022-09-06'),
(1308, 63, 222, '2022-06-14'),
(1309, 17, 251, '2020-12-08'),
(1310, 22, 28, '2022-09-15'),
(1311, 5, 493, '2020-01-05'),
(1312, 46, 387, '2020-09-22'),
(1313, 2, 272, '2022-12-21'),
(1314, 19, 430, '2022-09-05'),
(1315, 72, 310, '2022-02-26'),
(1316, 14, 307, '2022-10-13'),
(1317, 90, 152, '2021-05-11'),
(1318, 86, 290, '2022-12-23'),
(1319, 12, 423, '2022-04-05'),
(1320, 80, 402, '2021-06-09'),
(1321, 64, 88, '2022-02-26'),
(1322, 7, 145, '2022-05-16'),
(1323, 88, 440, '2021-03-06'),
(1324, 77, 133, '2022-08-06'),
(1325, 19, 215, '2020-03-19'),
(1326, 66, 64, '2022-12-03'),
(1327, 44, 229, '2022-10-11'),
(1328, 71, 49, '2020-12-06'),
(1329, 20, 76, '2020-03-11'),
(1330, 3, 370, '2022-07-21'),
(1331, 74, 16, '2020-03-13'),
(1332, 87, 448, '2021-11-27'),
(1333, 27, 374, '2022-07-17'),
(1334, 51, 199, '2022-06-07'),
(1335, 88, 407, '2021-03-13'),
(1336, 69, 386, '2020-04-11'),
(1337, 3, 452, '2021-09-06'),
(1338, 96, 355, '2021-11-18'),
(1339, 71, 13, '2021-06-18'),
(1340, 91, 250, '2022-03-18'),
(1341, 83, 291, '2022-09-01'),
(1342, 69, 441, '2020-01-28'),
(1343, 42, 467, '2022-04-11'),
(1344, 38, 118, '2021-04-07'),
(1345, 59, 65, '2020-02-10'),
(1346, 41, 237, '2022-12-26'),
(1347, 92, 261, '2021-08-30'),
(1348, 59, 353, '2022-01-26'),
(1349, 88, 1, '2022-06-06'),
(1350, 96, 60, '2020-08-13'),
(1351, 35, 420, '2022-03-08'),
(1352, 23, 217, '2021-06-29'),
(1353, 46, 420, '2022-12-16'),
(1354, 88, 477, '2020-11-26'),
(1355, 38, 349, '2020-09-17'),
(1356, 93, 96, '2021-02-21'),
(1357, 8, 385, '2022-05-15'),
(1358, 96, 445, '2020-06-10'),
(1359, 89, 36, '2022-07-04'),
(1360, 82, 459, '2020-11-25'),
(1361, 56, 150, '2021-04-17'),
(1362, 64, 96, '2020-05-24'),
(1363, 5, 436, '2021-08-09'),
(1364, 95, 235, '2022-08-28'),
(1365, 42, 318, '2021-05-11'),
(1366, 90, 246, '2022-10-12'),
(1367, 68, 70, '2020-08-05'),
(1368, 46, 123, '2020-11-08'),
(1369, 67, 85, '2021-12-01'),
(1370, 84, 236, '2022-09-17'),
(1371, 27, 274, '2021-01-22'),
(1372, 21, 493, '2021-03-16'),
(1373, 17, 25, '2020-04-08'),
(1374, 87, 275, '2020-10-02'),
(1375, 12, 143, '2020-03-26'),
(1376, 56, 93, '2020-11-20'),
(1377, 88, 31, '2020-05-11'),
(1378, 54, 298, '2022-09-14'),
(1379, 11, 224, '2021-06-15'),
(1380, 38, 209, '2020-02-13'),
(1381, 14, 341, '2021-11-06'),
(1382, 55, 23, '2020-10-18'),
(1383, 39, 234, '2020-03-05'),
(1384, 81, 104, '2020-11-23'),
(1385, 73, 292, '2022-10-17'),
(1386, 47, 349, '2020-01-16'),
(1387, 42, 347, '2020-03-01'),
(1388, 82, 460, '2020-06-17'),
(1389, 96, 76, '2021-11-26'),
(1390, 20, 496, '2021-12-08'),
(1391, 22, 262, '2021-01-06'),
(1392, 26, 61, '2020-07-25'),
(1393, 69, 260, '2021-10-29'),
(1394, 65, 183, '2021-04-01'),
(1395, 12, 421, '2021-01-26'),
(1396, 24, 365, '2020-12-21'),
(1397, 31, 45, '2021-05-09'),
(1398, 83, 124, '2020-01-17'),
(1399, 87, 115, '2022-08-13'),
(1400, 70, 82, '2022-03-03'),
(1401, 95, 244, '2021-08-28'),
(1402, 31, 137, '2021-12-04'),
(1403, 65, 431, '2022-05-03'),
(1404, 37, 124, '2022-06-10'),
(1405, 82, 160, '2021-08-09'),
(1406, 19, 421, '2021-03-05'),
(1407, 24, 434, '2020-12-10'),
(1408, 77, 147, '2022-08-28'),
(1409, 72, 421, '2022-06-27'),
(1410, 17, 18, '2022-01-07'),
(1411, 12, 393, '2022-12-17'),
(1412, 13, 264, '2020-09-02'),
(1413, 35, 61, '2020-05-01'),
(1414, 47, 56, '2020-08-27'),
(1415, 73, 313, '2022-03-19'),
(1416, 39, 186, '2022-04-26'),
(1417, 94, 161, '2021-12-28'),
(1418, 8, 466, '2022-05-21'),
(1419, 31, 215, '2021-04-03'),
(1420, 56, 388, '2022-03-12'),
(1421, 66, 309, '2022-07-05'),
(1422, 25, 180, '2020-02-02'),
(1423, 83, 230, '2022-09-09'),
(1424, 58, 470, '2022-10-17'),
(1425, 20, 94, '2020-11-25'),
(1426, 91, 225, '2022-07-30'),
(1427, 81, 207, '2021-05-07'),
(1428, 80, 446, '2021-07-12'),
(1429, 68, 91, '2020-03-29'),
(1430, 70, 60, '2020-10-25'),
(1431, 6, 444, '2021-01-06'),
(1432, 80, 464, '2022-12-26'),
(1433, 53, 180, '2021-12-03'),
(1434, 8, 30, '2022-03-08'),
(1435, 14, 267, '2021-01-19'),
(1436, 7, 373, '2021-06-01'),
(1437, 43, 197, '2021-03-06'),
(1438, 80, 126, '2021-12-29'),
(1439, 29, 225, '2022-08-18'),
(1440, 60, 463, '2022-02-11'),
(1441, 19, 103, '2021-11-11'),
(1442, 50, 67, '2021-08-12'),
(1443, 86, 413, '2021-09-02'),
(1444, 65, 484, '2022-06-13'),
(1445, 60, 452, '2022-12-23'),
(1446, 12, 230, '2020-06-14'),
(1447, 52, 165, '2020-06-26'),
(1448, 37, 280, '2021-08-21'),
(1449, 40, 89, '2020-08-18'),
(1450, 63, 294, '2021-02-11'),
(1451, 33, 214, '2021-11-15'),
(1452, 62, 241, '2020-04-24'),
(1453, 30, 480, '2020-02-26'),
(1454, 64, 178, '2020-02-16'),
(1455, 29, 490, '2021-11-13'),
(1456, 6, 234, '2021-11-11'),
(1457, 28, 390, '2020-05-20'),
(1458, 53, 267, '2020-10-31'),
(1459, 77, 202, '2021-11-20'),
(1460, 37, 66, '2021-07-10'),
(1461, 59, 326, '2021-11-20'),
(1462, 82, 235, '2022-09-11'),
(1463, 12, 500, '2021-01-25'),
(1464, 20, 359, '2021-05-05'),
(1465, 41, 163, '2020-08-06'),
(1466, 57, 237, '2022-03-17'),
(1467, 11, 300, '2020-08-26'),
(1468, 41, 149, '2022-12-20'),
(1469, 73, 476, '2021-02-28'),
(1470, 89, 406, '2020-11-07'),
(1471, 97, 415, '2020-12-07'),
(1472, 34, 465, '2022-06-12'),
(1473, 25, 149, '2020-11-29'),
(1474, 8, 194, '2021-10-15'),
(1475, 22, 416, '2020-04-04'),
(1476, 86, 261, '2021-03-01'),
(1477, 49, 239, '2021-05-04'),
(1478, 64, 101, '2022-08-04'),
(1479, 69, 126, '2020-01-10'),
(1480, 44, 457, '2022-11-18'),
(1481, 4, 489, '2022-10-08'),
(1482, 35, 491, '2021-04-29'),
(1483, 23, 428, '2021-07-16'),
(1484, 33, 186, '2020-12-26'),
(1485, 13, 412, '2020-09-19'),
(1486, 6, 432, '2020-11-20'),
(1487, 71, 425, '2022-05-26'),
(1488, 74, 394, '2021-01-29'),
(1489, 64, 402, '2022-07-20'),
(1490, 6, 434, '2020-05-25'),
(1491, 7, 261, '2020-04-09'),
(1492, 46, 461, '2022-07-27'),
(1493, 4, 51, '2020-11-05'),
(1494, 11, 70, '2022-07-08'),
(1495, 18, 34, '2022-08-24'),
(1496, 80, 290, '2021-02-08'),
(1497, 48, 228, '2022-09-28'),
(1498, 4, 262, '2021-05-03'),
(1499, 72, 75, '2021-09-10'),
(1500, 5, 240, '2022-06-06'),
(1501, 70, 338, '2020-08-17'),
(1502, 32, 254, '2020-12-14'),
(1503, 48, 181, '2022-10-30'),
(1504, 86, 288, '2021-09-27'),
(1505, 47, 499, '2020-11-03'),
(1506, 7, 100, '2020-05-02'),
(1507, 94, 261, '2021-02-06'),
(1508, 10, 156, '2020-06-18'),
(1509, 4, 188, '2021-01-24'),
(1510, 81, 407, '2021-08-11'),
(1511, 25, 466, '2022-08-09'),
(1512, 73, 232, '2021-10-10'),
(1513, 63, 52, '2022-11-27'),
(1514, 3, 350, '2022-07-23'),
(1515, 67, 246, '2021-09-23'),
(1516, 17, 460, '2022-08-22'),
(1517, 97, 41, '2022-04-06'),
(1518, 63, 276, '2022-08-03'),
(1519, 90, 152, '2021-10-04'),
(1520, 16, 378, '2020-10-06'),
(1521, 80, 30, '2022-06-21'),
(1522, 39, 382, '2021-04-01'),
(1523, 16, 497, '2020-12-24'),
(1524, 95, 55, '2022-05-09'),
(1525, 53, 451, '2020-05-25'),
(1526, 10, 359, '2020-10-03'),
(1527, 1, 465, '2020-09-11'),
(1528, 57, 143, '2021-06-06'),
(1529, 20, 229, '2020-02-07'),
(1530, 14, 240, '2021-03-26'),
(1531, 60, 146, '2020-10-08'),
(1532, 49, 124, '2020-02-17'),
(1533, 58, 206, '2020-06-25'),
(1534, 79, 202, '2020-09-03'),
(1535, 66, 170, '2020-09-01'),
(1536, 77, 50, '2020-06-05'),
(1537, 99, 211, '2021-07-24'),
(1538, 12, 162, '2022-01-31'),
(1539, 22, 256, '2021-06-05'),
(1540, 96, 120, '2021-08-20'),
(1541, 42, 437, '2021-09-01'),
(1542, 93, 68, '2022-12-12'),
(1543, 14, 337, '2022-08-18'),
(1544, 47, 405, '2020-01-26'),
(1545, 33, 79, '2020-05-06'),
(1546, 70, 324, '2021-09-02'),
(1547, 83, 118, '2020-03-19'),
(1548, 64, 200, '2021-10-03'),
(1549, 75, 388, '2022-02-26'),
(1550, 69, 473, '2022-05-18'),
(1551, 78, 63, '2021-11-28'),
(1552, 73, 161, '2021-09-22'),
(1553, 56, 499, '2020-02-24'),
(1554, 2, 12, '2022-06-17'),
(1555, 16, 370, '2020-06-05'),
(1556, 41, 403, '2021-05-06'),
(1557, 71, 322, '2021-04-29'),
(1558, 93, 79, '2022-02-06'),
(1559, 63, 241, '2020-06-14'),
(1560, 58, 314, '2022-06-21'),
(1561, 46, 499, '2020-12-02'),
(1562, 98, 414, '2021-02-25'),
(1563, 58, 492, '2020-04-23'),
(1564, 29, 325, '2021-01-26'),
(1565, 30, 353, '2020-02-13'),
(1566, 34, 475, '2021-06-17'),
(1567, 41, 21, '2022-03-24'),
(1568, 40, 455, '2022-09-02'),
(1569, 68, 243, '2020-01-21'),
(1570, 65, 204, '2022-10-03'),
(1571, 53, 212, '2021-05-14'),
(1572, 78, 321, '2022-07-30'),
(1573, 76, 60, '2020-04-14'),
(1574, 5, 277, '2022-04-02'),
(1575, 38, 437, '2020-08-13'),
(1576, 45, 358, '2022-06-12'),
(1577, 18, 70, '2020-02-19'),
(1578, 34, 11, '2021-12-11'),
(1579, 61, 361, '2020-11-03'),
(1580, 30, 102, '2022-01-28'),
(1581, 4, 351, '2022-04-29'),
(1582, 30, 391, '2022-05-31'),
(1583, 53, 105, '2020-12-01'),
(1584, 85, 386, '2022-09-01'),
(1585, 86, 484, '2022-08-27'),
(1586, 85, 341, '2022-09-11'),
(1587, 15, 375, '2021-04-29'),
(1588, 97, 215, '2021-06-01'),
(1589, 9, 270, '2020-12-11'),
(1590, 18, 74, '2020-03-26'),
(1591, 85, 329, '2021-06-20'),
(1592, 11, 184, '2022-08-21'),
(1593, 47, 340, '2021-09-04'),
(1594, 54, 422, '2021-11-03'),
(1595, 70, 287, '2020-04-19'),
(1596, 8, 138, '2022-01-28'),
(1597, 84, 330, '2022-08-18'),
(1598, 13, 282, '2020-06-26'),
(1599, 64, 227, '2022-10-02'),
(1600, 62, 156, '2020-12-09'),
(1601, 25, 485, '2022-07-26'),
(1602, 37, 307, '2020-03-25'),
(1603, 33, 490, '2021-02-12'),
(1604, 11, 281, '2022-09-10'),
(1605, 18, 16, '2022-05-17'),
(1606, 32, 435, '2020-03-28'),
(1607, 7, 482, '2022-01-30'),
(1608, 59, 408, '2020-07-06'),
(1609, 98, 249, '2021-09-22'),
(1610, 35, 468, '2021-10-17'),
(1611, 29, 17, '2020-12-28'),
(1612, 100, 177, '2020-08-13'),
(1613, 33, 156, '2021-09-12'),
(1614, 28, 370, '2022-05-02'),
(1615, 77, 1, '2020-05-06'),
(1616, 21, 95, '2022-07-19'),
(1617, 24, 180, '2021-10-23'),
(1618, 1, 235, '2021-09-14'),
(1619, 22, 131, '2021-03-28'),
(1620, 38, 294, '2020-12-10'),
(1621, 9, 239, '2021-11-20'),
(1622, 70, 389, '2021-12-27'),
(1623, 11, 266, '2022-02-12'),
(1624, 28, 32, '2022-01-27'),
(1625, 75, 331, '2022-06-16'),
(1626, 23, 122, '2022-03-19'),
(1627, 25, 163, '2021-02-04'),
(1628, 56, 394, '2022-12-12'),
(1629, 36, 462, '2022-06-12'),
(1630, 67, 160, '2022-03-24'),
(1631, 23, 301, '2020-08-08'),
(1632, 39, 483, '2021-06-23'),
(1633, 13, 417, '2021-09-26'),
(1634, 39, 240, '2022-10-22'),
(1635, 53, 376, '2022-05-20'),
(1636, 97, 231, '2021-02-22'),
(1637, 67, 310, '2022-11-14'),
(1638, 94, 264, '2021-05-21'),
(1639, 100, 448, '2022-12-17'),
(1640, 76, 91, '2020-07-22'),
(1641, 18, 282, '2021-10-28'),
(1642, 45, 171, '2022-05-14'),
(1643, 59, 187, '2022-12-15'),
(1644, 68, 49, '2020-03-01'),
(1645, 31, 400, '2020-09-03'),
(1646, 42, 129, '2021-03-06'),
(1647, 79, 164, '2021-02-06'),
(1648, 47, 121, '2022-07-04'),
(1649, 20, 12, '2022-01-17'),
(1650, 40, 377, '2020-12-28'),
(1651, 6, 259, '2022-08-17'),
(1652, 10, 431, '2021-02-24'),
(1653, 32, 485, '2022-10-24'),
(1654, 3, 2, '2022-02-10'),
(1655, 31, 158, '2021-08-13'),
(1656, 1, 460, '2022-01-23'),
(1657, 45, 490, '2021-05-25'),
(1658, 70, 60, '2021-10-19'),
(1659, 5, 279, '2020-12-26'),
(1660, 77, 70, '2022-09-13'),
(1661, 24, 474, '2021-02-20'),
(1662, 35, 106, '2021-12-25'),
(1663, 29, 298, '2022-08-14'),
(1664, 24, 19, '2021-09-30'),
(1665, 92, 436, '2020-06-21'),
(1666, 42, 251, '2022-11-06'),
(1667, 19, 89, '2020-10-31'),
(1668, 62, 270, '2020-10-13'),
(1669, 98, 134, '2021-11-20'),
(1670, 69, 367, '2020-01-27'),
(1671, 43, 227, '2021-03-15'),
(1672, 61, 208, '2022-02-24'),
(1673, 12, 495, '2020-10-25'),
(1674, 31, 490, '2022-11-04'),
(1675, 54, 300, '2020-10-09'),
(1676, 75, 9, '2020-11-30'),
(1677, 98, 435, '2020-06-01'),
(1678, 80, 87, '2022-04-16'),
(1679, 3, 184, '2020-03-04'),
(1680, 67, 419, '2020-02-14'),
(1681, 19, 144, '2021-06-04'),
(1682, 56, 496, '2021-12-28'),
(1683, 18, 321, '2020-04-10'),
(1684, 5, 55, '2022-02-25'),
(1685, 62, 158, '2020-10-07'),
(1686, 59, 20, '2021-10-31'),
(1687, 48, 215, '2021-08-22'),
(1688, 52, 126, '2022-02-09'),
(1689, 28, 203, '2022-10-10'),
(1690, 43, 20, '2021-10-02'),
(1691, 97, 176, '2020-03-26'),
(1692, 99, 73, '2020-07-18'),
(1693, 79, 460, '2022-09-12'),
(1694, 25, 88, '2021-03-17'),
(1695, 79, 387, '2020-11-14'),
(1696, 43, 405, '2021-05-21'),
(1697, 96, 264, '2022-05-21'),
(1698, 43, 307, '2020-10-31'),
(1699, 91, 336, '2022-05-17'),
(1700, 67, 163, '2020-03-07'),
(1701, 10, 22, '2021-05-18'),
(1702, 91, 139, '2022-09-09'),
(1703, 75, 295, '2020-06-25'),
(1704, 86, 248, '2021-12-14'),
(1705, 99, 498, '2020-09-27'),
(1706, 93, 379, '2022-10-27'),
(1707, 14, 395, '2020-04-24'),
(1708, 37, 66, '2021-12-14'),
(1709, 17, 313, '2022-08-03'),
(1710, 88, 303, '2020-10-26'),
(1711, 93, 267, '2021-04-26'),
(1712, 43, 100, '2021-05-13'),
(1713, 60, 187, '2021-11-18'),
(1714, 14, 103, '2021-10-26'),
(1715, 50, 242, '2020-08-17'),
(1716, 92, 320, '2021-06-23'),
(1717, 6, 429, '2020-08-12'),
(1718, 53, 266, '2020-09-02'),
(1719, 64, 295, '2020-07-20'),
(1720, 99, 446, '2020-10-16'),
(1721, 85, 340, '2021-06-21'),
(1722, 44, 111, '2021-06-10'),
(1723, 64, 325, '2021-11-17'),
(1724, 16, 240, '2020-04-15'),
(1725, 86, 154, '2022-02-14'),
(1726, 12, 288, '2021-10-20'),
(1727, 57, 332, '2020-03-12'),
(1728, 88, 12, '2021-07-22'),
(1729, 15, 139, '2021-11-17'),
(1730, 90, 390, '2022-12-09'),
(1731, 22, 82, '2020-04-21'),
(1732, 36, 2, '2020-09-07'),
(1733, 71, 416, '2021-03-18'),
(1734, 88, 465, '2022-11-12'),
(1735, 84, 263, '2022-04-29'),
(1736, 16, 452, '2021-09-11'),
(1737, 16, 351, '2020-04-18'),
(1738, 80, 266, '2020-01-07'),
(1739, 44, 79, '2022-07-21'),
(1740, 75, 135, '2021-11-12'),
(1741, 53, 214, '2020-12-21'),
(1742, 94, 343, '2020-01-20'),
(1743, 63, 269, '2020-11-09'),
(1744, 69, 448, '2021-02-07'),
(1745, 51, 221, '2020-02-10'),
(1746, 33, 185, '2022-05-01'),
(1747, 58, 479, '2022-07-06'),
(1748, 78, 358, '2022-04-28'),
(1749, 66, 489, '2021-01-27'),
(1750, 47, 419, '2022-06-28'),
(1751, 47, 106, '2022-04-21'),
(1752, 100, 419, '2020-06-10'),
(1753, 20, 149, '2021-07-30'),
(1754, 64, 7, '2022-10-04'),
(1755, 19, 430, '2021-10-04'),
(1756, 15, 459, '2022-07-24'),
(1757, 43, 479, '2020-10-06'),
(1758, 4, 22, '2021-03-01'),
(1759, 65, 13, '2020-08-02'),
(1760, 86, 410, '2021-11-27'),
(1761, 91, 380, '2021-07-25'),
(1762, 33, 180, '2021-02-28'),
(1763, 66, 95, '2022-06-20'),
(1764, 43, 187, '2022-12-08'),
(1765, 86, 318, '2020-12-28'),
(1766, 71, 255, '2021-06-10'),
(1767, 64, 220, '2020-09-11'),
(1768, 48, 35, '2021-09-15'),
(1769, 13, 345, '2021-02-11'),
(1770, 35, 221, '2021-01-13'),
(1771, 14, 275, '2021-09-25'),
(1772, 74, 283, '2021-05-07'),
(1773, 7, 422, '2022-06-03'),
(1774, 46, 117, '2021-12-13'),
(1775, 10, 472, '2021-05-20'),
(1776, 4, 158, '2021-12-03'),
(1777, 11, 400, '2020-09-07'),
(1778, 74, 193, '2022-12-04'),
(1779, 58, 225, '2021-02-22'),
(1780, 34, 195, '2021-10-02'),
(1781, 70, 62, '2020-05-21'),
(1782, 40, 23, '2022-05-30'),
(1783, 83, 499, '2020-05-26'),
(1784, 55, 420, '2020-08-17'),
(1785, 92, 480, '2021-01-01'),
(1786, 35, 8, '2020-08-16'),
(1787, 95, 331, '2022-07-28'),
(1788, 37, 373, '2022-05-02'),
(1789, 36, 166, '2022-06-24'),
(1790, 5, 64, '2020-04-01'),
(1791, 64, 293, '2020-04-27'),
(1792, 65, 399, '2022-07-08'),
(1793, 94, 172, '2022-09-20'),
(1794, 49, 480, '2022-05-03'),
(1795, 57, 144, '2022-12-08'),
(1796, 1, 487, '2020-01-31'),
(1797, 61, 462, '2020-09-09'),
(1798, 11, 480, '2022-09-03'),
(1799, 7, 58, '2020-05-15'),
(1800, 22, 401, '2022-10-26'),
(1801, 65, 369, '2022-09-07'),
(1802, 94, 500, '2020-06-01'),
(1803, 3, 158, '2022-12-27'),
(1804, 100, 174, '2022-01-24'),
(1805, 88, 402, '2020-08-08'),
(1806, 26, 22, '2022-05-18'),
(1807, 40, 67, '2022-12-31'),
(1808, 29, 421, '2020-10-20'),
(1809, 41, 258, '2021-10-09'),
(1810, 65, 90, '2022-10-10'),
(1811, 50, 431, '2022-12-01'),
(1812, 68, 387, '2020-02-06'),
(1813, 26, 289, '2021-12-23'),
(1814, 94, 422, '2021-05-19'),
(1815, 93, 322, '2020-05-08'),
(1816, 74, 345, '2020-04-30'),
(1817, 44, 15, '2021-01-27'),
(1818, 51, 41, '2020-01-23'),
(1819, 79, 293, '2020-07-06'),
(1820, 1, 386, '2020-05-14'),
(1821, 79, 367, '2022-03-14'),
(1822, 24, 148, '2021-10-20'),
(1823, 63, 142, '2021-01-07'),
(1824, 29, 277, '2020-02-01'),
(1825, 33, 472, '2020-06-16'),
(1826, 98, 429, '2022-11-14'),
(1827, 42, 256, '2021-08-02'),
(1828, 91, 233, '2020-03-13'),
(1829, 93, 383, '2020-10-21'),
(1830, 76, 369, '2022-09-03'),
(1831, 28, 294, '2020-03-24'),
(1832, 29, 116, '2022-09-13'),
(1833, 47, 216, '2022-07-13'),
(1834, 100, 294, '2020-01-30'),
(1835, 89, 1, '2021-09-16'),
(1836, 15, 464, '2022-12-27'),
(1837, 88, 260, '2021-09-06'),
(1838, 76, 382, '2021-11-07'),
(1839, 78, 343, '2021-09-15'),
(1840, 69, 79, '2021-01-10'),
(1841, 31, 447, '2020-11-08'),
(1842, 95, 447, '2021-03-28'),
(1843, 33, 340, '2021-05-06'),
(1844, 36, 354, '2021-07-20'),
(1845, 71, 209, '2021-10-17'),
(1846, 94, 354, '2021-12-15'),
(1847, 34, 330, '2022-07-11'),
(1848, 1, 194, '2021-05-17'),
(1849, 76, 454, '2020-08-06'),
(1850, 50, 235, '2020-11-14'),
(1851, 24, 254, '2021-02-22'),
(1852, 92, 53, '2021-10-24'),
(1853, 43, 418, '2022-12-13'),
(1854, 55, 209, '2020-08-08'),
(1855, 29, 234, '2020-10-22'),
(1856, 63, 317, '2021-09-02'),
(1857, 54, 19, '2021-12-04'),
(1858, 53, 376, '2022-10-17'),
(1859, 33, 441, '2022-12-21'),
(1860, 72, 474, '2021-02-07'),
(1861, 55, 487, '2021-10-25'),
(1862, 95, 137, '2022-04-20'),
(1863, 27, 489, '2022-04-27'),
(1864, 42, 343, '2022-11-22'),
(1865, 19, 317, '2022-07-02'),
(1866, 2, 310, '2020-03-16'),
(1867, 50, 44, '2022-01-01'),
(1868, 10, 228, '2021-08-10'),
(1869, 96, 125, '2021-08-28'),
(1870, 32, 5, '2022-05-27'),
(1871, 36, 86, '2020-11-28'),
(1872, 54, 180, '2022-10-03'),
(1873, 61, 73, '2020-04-25'),
(1874, 49, 179, '2022-04-07'),
(1875, 19, 309, '2022-12-02'),
(1876, 32, 468, '2021-12-29'),
(1877, 97, 497, '2021-11-29'),
(1878, 45, 49, '2022-10-22'),
(1879, 60, 377, '2021-12-10'),
(1880, 16, 293, '2021-12-20'),
(1881, 82, 235, '2022-12-13'),
(1882, 94, 91, '2020-09-04'),
(1883, 91, 6, '2021-02-17'),
(1884, 83, 287, '2022-06-08'),
(1885, 82, 449, '2022-03-06'),
(1886, 80, 56, '2021-04-29'),
(1887, 8, 273, '2020-05-17'),
(1888, 91, 12, '2021-04-03'),
(1889, 72, 119, '2022-07-28'),
(1890, 1, 117, '2022-05-15'),
(1891, 71, 152, '2021-07-05'),
(1892, 56, 55, '2021-09-25'),
(1893, 66, 201, '2020-04-07'),
(1894, 4, 8, '2022-02-28'),
(1895, 79, 492, '2021-11-06'),
(1896, 74, 326, '2022-03-09'),
(1897, 15, 280, '2021-05-04'),
(1898, 41, 74, '2022-06-05'),
(1899, 17, 95, '2020-01-10'),
(1900, 63, 294, '2020-06-20'),
(1901, 32, 279, '2021-04-20'),
(1902, 13, 53, '2020-04-23'),
(1903, 48, 249, '2020-02-20'),
(1904, 37, 232, '2021-02-07'),
(1905, 78, 305, '2020-08-18'),
(1906, 57, 323, '2020-11-06'),
(1907, 72, 346, '2020-08-17'),
(1908, 90, 360, '2021-10-11'),
(1909, 60, 6, '2021-10-13'),
(1910, 65, 346, '2020-10-25'),
(1911, 33, 418, '2020-06-26'),
(1912, 62, 407, '2022-07-22'),
(1913, 53, 141, '2020-03-03'),
(1914, 76, 494, '2021-05-31'),
(1915, 61, 462, '2022-10-19'),
(1916, 55, 56, '2021-06-18'),
(1917, 83, 403, '2020-12-22'),
(1918, 53, 125, '2021-03-13'),
(1919, 49, 58, '2021-10-09'),
(1920, 93, 156, '2020-09-01'),
(1921, 39, 198, '2021-01-02'),
(1922, 95, 418, '2021-07-13'),
(1923, 61, 169, '2020-03-18'),
(1924, 57, 77, '2022-11-19'),
(1925, 13, 89, '2020-07-04'),
(1926, 61, 170, '2022-01-23'),
(1927, 54, 321, '2021-11-27'),
(1928, 73, 146, '2020-12-09'),
(1929, 77, 160, '2021-01-25'),
(1930, 25, 47, '2022-06-27'),
(1931, 52, 457, '2020-05-05'),
(1932, 4, 280, '2020-12-29'),
(1933, 71, 40, '2022-02-26'),
(1934, 9, 451, '2022-03-12'),
(1935, 43, 105, '2021-09-25'),
(1936, 15, 267, '2022-10-19'),
(1937, 47, 167, '2020-12-13'),
(1938, 27, 259, '2021-07-18'),
(1939, 100, 140, '2021-11-30'),
(1940, 50, 72, '2022-10-04'),
(1941, 6, 339, '2020-08-27'),
(1942, 1, 462, '2021-04-16'),
(1943, 25, 360, '2021-03-28'),
(1944, 5, 234, '2020-09-15'),
(1945, 47, 374, '2020-11-06'),
(1946, 11, 344, '2021-12-15'),
(1947, 99, 164, '2022-05-28'),
(1948, 18, 355, '2020-09-26'),
(1949, 30, 41, '2021-01-08'),
(1950, 78, 35, '2022-08-12'),
(1951, 9, 201, '2020-06-15'),
(1952, 52, 51, '2020-01-26'),
(1953, 98, 60, '2020-07-20'),
(1954, 5, 3, '2020-02-02'),
(1955, 10, 215, '2021-05-31'),
(1956, 13, 238, '2020-09-14'),
(1957, 77, 180, '2020-08-29'),
(1958, 33, 1, '2020-03-12'),
(1959, 24, 365, '2020-03-02'),
(1960, 77, 287, '2022-03-06'),
(1961, 29, 235, '2020-06-21'),
(1962, 58, 386, '2021-02-02'),
(1963, 99, 418, '2022-02-10'),
(1964, 67, 67, '2020-11-25'),
(1965, 3, 464, '2020-09-17'),
(1966, 11, 147, '2022-06-30'),
(1967, 64, 317, '2021-03-22'),
(1968, 16, 459, '2021-04-17'),
(1969, 17, 273, '2022-07-11'),
(1970, 43, 400, '2022-09-13'),
(1971, 84, 114, '2020-04-25'),
(1972, 89, 8, '2022-05-30'),
(1973, 74, 23, '2020-10-20'),
(1974, 67, 146, '2020-07-16'),
(1975, 100, 14, '2020-03-25'),
(1976, 93, 198, '2022-10-10'),
(1977, 68, 239, '2020-02-02'),
(1978, 65, 431, '2022-08-30'),
(1979, 9, 411, '2020-01-16'),
(1980, 58, 323, '2021-07-29'),
(1981, 49, 152, '2022-03-31'),
(1982, 48, 327, '2020-09-05'),
(1983, 2, 108, '2021-12-29'),
(1984, 42, 3, '2021-06-13'),
(1985, 44, 480, '2022-05-17'),
(1986, 66, 277, '2021-09-19'),
(1987, 87, 139, '2020-05-13'),
(1988, 37, 77, '2022-10-23'),
(1989, 87, 191, '2021-03-06'),
(1990, 59, 23, '2022-04-21'),
(1991, 99, 86, '2022-06-06'),
(1992, 74, 327, '2020-08-12'),
(1993, 26, 128, '2022-01-23'),
(1994, 3, 183, '2020-10-19'),
(1995, 86, 48, '2020-07-25'),
(1996, 30, 111, '2020-05-20'),
(1997, 4, 32, '2021-04-21'),
(1998, 92, 157, '2020-08-28'),
(1999, 18, 10, '2020-07-30'),
(2000, 27, 173, '2021-01-30')
;

--
-- )       :      18  25  
--


SELECT ROUND(AVG(Items.price)) AS ___, EXTRACT(MONTH FROM Purchases.date) AS , EXTRACT(YEAR FROM Purchases.date) AS 
FROM Purchases INNER JOIN Users USING(userId) INNER JOIN Items USING(itemId)
WHERE Users.age BETWEEN 18 AND 25
GROUP BY , EXTRACT(MONTH FROM Purchases.date)
ORDER BY , EXTRACT(MONTH FROM Purchases.date)
;
SELECT ROUND(AVG(Q.AVG_PER_MONTH)) AS ____18__25
FROM
(
SELECT ROUND(AVG(Items.price)) AS AVG_PER_MONTH
FROM Purchases INNER JOIN Users USING(userId) INNER JOIN Items USING(itemId)
WHERE Users.age BETWEEN 18 AND 25
GROUP BY EXTRACT(YEAR FROM Purchases.date), EXTRACT(MONTH FROM Purchases.date)
) AS Q
;

--
-- )       :      26  35  
--

SELECT ROUND(AVG(Items.price)) AS ___, EXTRACT(MONTH FROM Purchases.date) AS , EXTRACT(YEAR FROM Purchases.date) AS 
FROM Purchases INNER JOIN Users USING(userId) INNER JOIN Items USING(itemId)
WHERE Users.age BETWEEN 26 AND 35
GROUP BY , EXTRACT(MONTH FROM Purchases.date)
ORDER BY , EXTRACT(MONTH FROM Purchases.date)
;
SELECT ROUND(AVG(Q.AVG_PER_MONTH)) AS ____26__35
FROM
(
SELECT ROUND(AVG(Items.price)) AS AVG_PER_MONTH
FROM Purchases INNER JOIN Users USING(userId) INNER JOIN Items USING(itemId)
WHERE Users.age BETWEEN 26 AND 35
GROUP BY EXTRACT(YEAR FROM Purchases.date), EXTRACT(MONTH FROM Purchases.date)
) AS Q
;

--
-- )           35+  
--

SELECT sum(price) as , to_char(date, 'Month') as 
FROM Purchases INNER JOIN Users USING(userId) INNER JOIN Items USING(itemId)
Where users.age >= 35
group by 
ORDER BY  DESC
LIMIT 1
;

--
-- )           
--

SELECT SUM(price) as , itemid
FROM Purchases INNER JOIN Users USING(userId) INNER JOIN Items USING(itemId)
WHERE EXTRACT(YEAR FROM Purchases.date)= EXTRACT(YEAR FROM CURRENT_DATE) - 1
Group by  itemid
Order by  DESC
LIMIT 1
;

--
-- ) -3            
--

SELECT  Items.itemId,
  SUM(Items.price) AS __,
  SUM(Items.price) / (
      SELECT SUM(i.price)
      FROM Items AS i INNER JOIN Purchases AS p USING(itemId)
      WHERE EXTRACT(YEAR FROM p.date) = YYYY
  ) AS __
FROM Purchases INNER JOIN Items USING(itemId)
WHERE
  EXTRACT(YEAR FROM Purchases.date) = YYYY
GROUP BY  Items.itemId
ORDER BY __ DESC
LIMIT 3

--    YYYY  ,        (2020|2021|2022)